0,-0.00435994888
0.005,-0.00435994888
0.01,-0.00435994888
0.015,-0.00435994888
0.02,-0.00435994888
0.025,-0.00435994888
0.03,-0.00435994888
0.035,-0.00435994888
0.04,-0.00435994888
0.045,-0.00435994888
0.05,-0.00435994888
0.055,-0.00435994888
0.06,-0.00435994888
0.065,-0.00435994888
0.07000000000000001,-0.00435994888
0.075,-0.00435994888
0.08,-0.00435994888
0.08500000000000001,-0.00435994888
0.09,-0.00435994888
0.095,-0.00435994888
0.1,-0.00435994888
0.105,-0.00435994888
0.11,-0.00435994888
0.115,-0.00435994888
0.12,-0.00435994888
0.125,-0.00435994888
0.13,-0.00435994888
0.135,-0.00435994888
0.14,-0.00435994888
0.145,-0.00435994888
0.15,-0.00435994888
0.155,-0.00435994888
0.16,-0.00435994888
0.165,-0.00435994888
0.17,-0.00435994888
0.175,-0.00435994888
0.18,-0.00435994888
0.185,-0.00435994888
0.19,-0.00435994888
0.195,-0.00435994888
0.2,-0.00435994888
0.205,-0.00435994888
0.21,-0.00435994888
0.215,-0.00435994888
0.22,-0.00435994888
0.225,-0.00435994888
0.23,-0.00435994888
0.235,-0.00435994888
0.24,-0.00435994888
0.245,-0.00435994888
0.25,-0.00435994888
0.255,-0.00435994888
0.26,-0.00435994888
0.265,-0.00435994888
0.27,-0.00435994888
0.275,-0.00435994888
0.28,-0.00435994888
0.285,-0.00435994888
0.29,-0.00435994888
0.295,-0.00435994888
0.3,-0.00435994888
0.305,-0.00435994888
0.31,-0.00435994888
0.315,-0.00435994888
0.32,-0.00435994888
0.325,-0.00435994888
0.33,-0.00435994888
0.335,-0.00435994888
0.34,-0.00435994888
0.345,-0.00435994888
0.35,-0.00435994888
0.355,-0.00435994888
0.36,-0.00435994888
0.365,-0.00435994888
0.37,-0.00435994888
0.375,-0.00435994888
0.38,-0.00435994888
0.385,-0.00435994888
0.39,-0.00435994888
0.395,-0.00435994888
0.4,-0.00435994888
0.405,-0.00435994888
0.41,-0.00435994888
0.415,-0.00435994888
0.42,-0.00435994888
0.425,-0.00435994888
0.43,-0.00435994888
0.435,-0.00435994888
0.44,-0.00435994888
0.445,-0.00435994888
0.45,-0.00435994888
0.455,-0.00435994888
0.46,-0.00435994888
0.465,-0.00435994888
0.47,-0.00435994888
0.475,-0.00435994888
0.48,-0.00435994888
0.485,-0.00435994888
0.49,-0.00435994888
0.495,-0.00435994888
0.5,-0.00435994888
0.505,-0.00435994888
0.51,-0.00435994888
0.515,-0.00435994888
0.52,-0.00435994888
0.525,-0.00435994888
0.53,-0.00435994888
0.535,-0.00435994888
0.54,-0.00435994888
0.545,-0.00435994888
0.55,-0.00435994888
0.555,-0.00435994888
0.5600000000000001,-0.00435994888
0.5649999999999999,-0.008719897759999999
0.57,-0.008719897759999999
0.575,-0.00435994888
0.58,-0.00435994888
0.585,-0.00435994888
0.59,-0.00435994888
0.595,-0.00435994888
0.6,-0.00435994888
0.605,-0.00435994888
0.61,-0.00435994888
0.615,-0.008719897759999999
0.62,-0.008719897759999999
0.625,-0.008719897759999999
0.63,-0.008719897759999999
0.635,-0.008719897759999999
0.64,-0.008719897759999999
0.645,-0.008719897759999999
0.65,-0.00435994888
0.655,-0.00435994888
0.66,-0.00435994888
0.665,-0.00435994888
0.67,-0.00435994888
0.675,0
0.68,0
0.6850000000000001,0
0.6899999999999999,-0.00435994888
0.695,-0.00435994888
0.7,-0.00435994888
0.705,-0.00435994888
0.71,-0.008719897759999999
0.715,-0.008719897759999999
0.72,-0.008719897759999999
0.725,-0.008719897759999999
0.73,-0.008719897759999999
0.735,-0.008719897759999999
0.74,-0.008719897759999999
0.745,-0.008719897759999999
0.75,-0.008719897759999999
0.755,-0.008719897759999999
0.76,-0.008719897759999999
0.765,-0.00435994888
0.77,-0.00435994888
0.775,-0.00435994888
0.78,-0.00435994888
0.785,-0.008719897759999999
0.79,-0.008719897759999999
0.795,-0.008719897759999999
0.8,-0.008719897759999999
0.805,-0.008719897759999999
0.8100000000000001,-0.008719897759999999
0.8149999999999999,-0.008719897759999999
0.82,-0.008719897759999999
0.825,-0.008719897759999999
0.83,-0.008719897759999999
0.835,-0.008719897759999999
0.84,-0.008719897759999999
0.845,-0.008719897759999999
0.85,-0.008719897759999999
0.855,-0.008719897759999999
0.86,-0.00435994888
0.865,0
0.87,0.00435994888
0.875,0.00435994888
0.88,0
0.885,0
0.89,0
0.895,0
0.9,0
0.905,-0.00435994888
0.91,-0.00435994888
0.915,-0.00435994888
0.92,-0.00435994888
0.925,0
0.93,0
0.9350000000000001,-0.00435994888
0.9399999999999999,-0.00435994888
0.945,0
0.95,0
0.955,0.00435994888
0.96,0
0.965,0
0.97,0
0.975,0
0.98,-0.00435994888
0.985,-0.008719897759999999
0.99,-0.01307984664
0.995,-0.02179974784
1,-0.02179974784
1.005,-0.01743979552
1.01,-0.01307984664
1.015,-0.008719897759999999
1.02,-0.00435994888
1.025,0.00435994888
1.03,0.01307984664
1.035,0.01743979552
1.04,0.01307984664
1.045,0
1.05,-0.008719897759999999
1.055,-0.02179974784
1.06,-0.02615969672
1.065,-0.02615969672
1.07,-0.02179974784
1.075,-0.02179974784
1.08,-0.01743979552
1.085,-0.01307984664
1.09,-0.008719897759999999
1.095,0
1.1,0.00435994888
1.105,0.008719897759999999
1.11,0.01307984664
1.115,0.008719897759999999
1.12,0.008719897759999999
1.125,0.00435994888
1.13,-0.00435994888
1.135,-0.01307984664
1.14,-0.02179974784
1.145,-0.02615969672
1.15,-0.02615969672
1.155,-0.02179974784
1.16,-0.01743979552
1.165,-0.01307984664
1.17,0
1.175,0.00435994888
1.18,0
1.185,-0.00435994888
1.19,-0.00435994888
1.195,0
1.2,0
1.205,-0.00435994888
1.21,-0.01307984664
1.215,-0.01743979552
1.22,-0.02179974784
1.225,-0.01743979552
1.23,-0.008719897759999999
1.235,0
1.24,0.008719897759999999
1.245,0.01307984664
1.25,0.01743979552
1.255,0.01307984664
1.26,0.00435994888
1.265,-0.008719897759999999
1.27,-0.01743979552
1.275,-0.0305196456
1.28,-0.0305196456
1.285,-0.02615969672
1.29,-0.01743979552
1.295,-0.01307984664
1.3,-0.00435994888
1.305,0
1.31,0.00435994888
1.315,0.008719897759999999
1.32,0.01743979552
1.325,0.02179974784
1.33,0.02615969672
1.335,0.0305196456
1.34,0.02615969672
1.345,0.01743979552
1.35,0.008719897759999999
1.355,0
1.36,-0.00435994888
1.365,-0.02179974784
1.37,-0.03487959448
1.375,-0.03487959448
1.38,-0.03487959448
1.385,-0.03487959448
1.39,-0.0305196456
1.395,-0.01743979552
1.4,0
1.405,0.00435994888
1.41,0.008719897759999999
1.415,0.01307984664
1.42,0.02179974784
1.425,0.01743979552
1.43,0.01307984664
1.435,0.02179974784
1.44,0.03923954336
1.445,0.03923954336
1.45,0.02179974784
1.455,-0.00435994888
1.46,-0.02615969672
1.465,-0.03487959448
1.47,-0.0305196456
1.475,-0.02615969672
1.48,-0.02615969672
1.485,-0.01743979552
1.49,-0.01307984664
1.495,-0.01743979552
1.5,-0.01743979552
1.505,-0.01743979552
1.51,-0.01743979552
1.515,-0.02179974784
1.52,-0.02179974784
1.525,-0.01307984664
1.53,-0.008719897759999999
1.535,-0.008719897759999999
1.54,0
1.545,0.008719897759999999
1.55,0.01307984664
1.555,0.01307984664
1.56,0.008719897759999999
1.565,0.01307984664
1.57,0.02179974784
1.575,0.02615969672
1.58,0.02179974784
1.585,0.02615969672
1.59,0.04359949224
1.595,0.04359949224
1.6,0.01307984664
1.605,-0.02179974784
1.61,-0.04359949224
1.615,-0.04795944112
1.62,-0.04359949224
1.625,-0.04359949224
1.63,-0.03923954336
1.635,-0.01743979552
1.64,0.02179974784
1.645,0.05231939
1.65,0.05231939
1.655,0.0305196456
1.66,0.00435994888
1.665,-0.00435994888
1.67,-0.01307984664
1.675,-0.0305196456
1.68,-0.04359949224
1.685,-0.03487959448
1.69,-0.00435994888
1.695,0.02179974784
1.7,0.0305196456
1.705,0.02615969672
1.71,0.01307984664
1.715,0.008719897759999999
1.72,0.02179974784
1.725,0.05667934232000001
1.73,0.06975918896
1.735,0.05231939
1.74,0.02179974784
1.745,0.00435994888
1.75,0.00435994888
1.755,0.008719897759999999
1.76,-0.00435994888
1.765,-0.02179974784
1.77,-0.03923954336
1.775,-0.04359949224
1.78,-0.04359949224
1.785,-0.04359949224
1.79,-0.05667934232000001
1.795,-0.06539924008
1.8,-0.04795944112
1.805,0.00435994888
1.81,0.05667934232000001
1.815,0.06975918896
1.82,0.05231939
1.825,0.01743979552
1.83,-0.008719897759999999
1.835,-0.01743979552
1.84,0
1.845,0.05231939
1.85,0.10027883456
1.855,0.11771863008
1.86,0.10027883456
1.865,0.06975918896
1.87,0.0305196456
1.875,-0.02615969672
1.88,-0.0828390356
1.885,-0.1133586812
1.89,-0.1133586812
1.895,-0.10027883456
1.9,-0.10027883456
1.905,-0.10463878344
1.91,-0.10027883456
1.915,-0.0828390356
1.92,-0.06975918896
1.925,-0.06539924008
1.93,-0.06539924008
1.935,-0.03487959448
1.94,0.02179974784
1.945,0.08719898448000001
1.95,0.13515842904
1.955,0.15259822456
1.96,0.12643853128
1.965,0.0610392912
1.97,-0.01743979552
1.975,-0.07847908671999999
1.98,-0.11771863008
1.985,-0.13951837792
1.99,-0.1438783268
1.995,-0.12207857896
2,-0.06975918896
2.005,-0.008719897759999999
2.01,0.03923954336
2.015,0.06539924008
2.02,0.07411913784
2.025,0.07847908671999999
2.03,0.07411913784
2.035,0.0610392912
2.04,0.0305196456
2.045,-0.00435994888
2.05,-0.01743979552
2.055,-0.01307984664
2.06,-0.01307984664
2.065,-0.04795944112
2.07,-0.10463878344
2.075,-0.15259822456
2.08,-0.13951837792
2.085,-0.06975918896
2.09,-0.01743979552
2.095,-0.01743979552
2.1,-0.02179974784
2.105,-0.00435994888
2.11,0.04795944112
2.115,0.12643853128
2.12,0.17875792128
2.125,0.15259822456
2.13,0.07411913784
2.135,0.03487959448
2.14,0.04359949224
2.145,0.02615969672
2.15,-0.05231939
2.155,-0.13079848016
2.16,-0.1743979724
2.165,-0.1743979724
2.17,-0.15259822456
2.175,-0.1133586812
2.18,-0.04359949224
2.185,0.06539924008
2.19,0.17875792128
2.195,0.24851711024
2.2,0.31391635032
2.205,0.3705956892
2.21,0.36187579144
2.215,0.24851711024
2.22,0.07847908671999999
2.225,-0.10027883456
2.23,-0.2877566536
2.235,-0.44907477936
2.24,-0.58423320496
2.245,-0.6583523462400001
2.25,-0.6191127994400001
2.255,-0.45343472824
2.26,-0.21799746464
2.265,0.02615969672
2.27,0.26595690576
2.275,0.4708745237599999
2.28,0.59295310616
2.285,0.6191127994400001
2.29,0.56679340944
2.295,0.45779467712
2.3,0.29211660248
2.305,0.06975918896
2.31,-0.17003802352
2.315,-0.37495564152
2.32,-0.51011406712
2.325,-0.5885931572799999
2.33,-0.6191127994400001
2.335,-0.59295310616
2.34,-0.4926742716
2.345,-0.32263624808
2.35,-0.09155893679999999
2.355,0.13951837792
2.36,0.28339670472
2.365,0.3793155904
2.37,0.44907477936
2.375,0.45779467712
2.38,0.4011153348
2.385,0.32263624808
2.39,0.2354372636
2.395,0.13951837792
2.4,0.0305196456
2.405,-0.09155893679999999
2.41,-0.23979721248
2.415,-0.36187579144
2.42,-0.41419518488
2.425,-0.4011153348
2.43,-0.32263624808
2.435,-0.1743979724
2.44,0.00435994888
2.445,0.1438783268
2.45,0.23979721248
2.455,0.31391635032
2.46,0.3487959448
2.465,0.32263624808
2.47,0.25287705912
2.475,0.14823827568
2.48,-0.01743979552
2.485,-0.23107731472
2.49,-0.42727503152
2.495,-0.5231939172
2.5,-0.47959442496
2.505,-0.33135614584
2.51,-0.17003802352
2.515,-0.03923954336
2.52,0.07411913784
2.525,0.18311787016
2.53,0.27031685808
2.535,0.3182762992
2.54,0.32263624808
2.545,0.3182762992
2.55,0.32263624808
2.555,0.30955640144
2.56,0.21799746464
2.565,0.06975918896
2.57,-0.07411913784
2.575,-0.18747781904
2.58,-0.257237008
2.585,-0.29647655136
2.59,-0.29211660248
2.595,-0.25287705912
2.6,-0.19619772024
2.605,-0.13079848016
2.61,-0.03923954336
2.615,0.09591888568
2.62,0.2267173624
2.625,0.30083650024
2.63,0.29211660248
2.635,0.2267173624
2.64,0.11771863008
2.645,-0.02179974784
2.65,-0.15695817344
2.655,-0.23107731472
2.66,-0.23979721248
2.665,-0.18747781904
2.67,-0.1133586812
2.675,-0.0610392912
2.68,-0.01307984664
2.685,0.04795944112
2.69,0.12207857896
2.695,0.19183776792
2.7,0.24415716136
2.705,0.257237008
2.71,0.2267173624
2.715,0.20055766912
2.72,0.204917618
2.725,0.204917618
2.73,0.13951837792
2.735,0.01743979552
2.74,-0.1133586812
2.745,-0.18747781904
2.75,-0.17875792128
2.755,-0.0828390356
2.76,0.03487959448
2.765,0.12643853128
2.77,0.13515842904
2.775,0.04795944112
2.78,-0.0610392912
2.785,-0.13079848016
2.79,-0.17875792128
2.795,-0.23979721248
2.8,-0.31391635032
2.805,-0.38367553928
2.81,-0.4316349804
2.815,-0.42727503152
2.82,-0.32699619696
2.825,-0.1743979724
2.83,-0.02615969672
2.835,0.10027883456
2.84,0.23979721248
2.845,0.38367553928
2.85,0.48395437384
2.855,0.5013941693599999
2.86,0.44907477936
2.865,0.35751584256
2.87,0.22235741352
2.875,0.05231939
2.88,-0.09155893679999999
2.885,-0.1743979724
2.89,-0.23107731472
2.895,-0.28339670472
2.9,-0.33135614584
2.905,-0.34007604704
2.91,-0.28339670472
2.915,-0.17875792128
2.92,-0.04795944112
2.925,0.07847908671999999
2.93,0.17003802352
2.935,0.2354372636
2.94,0.27467680696
2.945,0.24415716136
2.95,0.13515842904
2.955,0
2.96,-0.13079848016
2.965,-0.26595690576
2.97,-0.3793155904
2.975,-0.42291508264
2.98,-0.36187579144
2.985,-0.204917618
2.99,-0.00435994888
2.995,0.17003802352
3,0.2877566536
3.005,0.34443599592
3.01,0.37495564152
3.015,0.39239543704
3.02,0.34443599592
3.025,0.18747781904
3.03,-0.0305196456
3.035,-0.22235741352
3.04,-0.33135614584
3.045,-0.34007604704
3.05,-0.28339670472
3.055,-0.21799746464
3.06,-0.12207857896
3.065,0.05231939
3.07,0.2354372636
3.075,0.32263624808
3.08,0.32699619696
3.085,0.31391635032
3.09,0.27031685808
3.095,0.17875792128
3.1,0.05231939
3.105,-0.06539924008
3.11,-0.12207857896
3.115,-0.12207857896
3.12,-0.1133586812
3.125,-0.13515842904
3.13,-0.1743979724
3.135,-0.17003802352
3.14,-0.10899873232
3.145,-0.008719897759999999
3.15,0.0828390356
3.155,0.13079848016
3.16,0.1438783268
3.165,0.15695817344
3.17,0.17003802352
3.175,0.13515842904
3.18,0.02615969672
3.185,-0.10899873232
3.19,-0.21363751576
3.195,-0.26159695688
3.2,-0.28339670472
3.205,-0.29647655136
3.21,-0.29647655136
3.215,-0.25287705912
3.22,-0.17003802352
3.225,-0.0828390356
3.23,-0.02179974784
3.235,0.03487959448
3.24,0.11771863008
3.245,0.22235741352
3.25,0.31391635032
3.255,0.36187579144
3.26,0.35315589368
3.265,0.2877566536
3.27,0.16131812576
3.275,0.02179974784
3.28,-0.04795944112
3.285,-0.07847908671999999
3.29,-0.16567807464
3.295,-0.28339670472
3.3,-0.32699619696
3.305,-0.24415716136
3.31,-0.10027883456
3.315,0.02615969672
3.32,0.10899873232
3.325,0.16567807464
3.33,0.21363751576
3.335,0.24415716136
3.34,0.24851711024
3.345,0.23107731472
3.35,0.17003802352
3.355,0.05231939
3.36,-0.10027883456
3.365,-0.24415716136
3.37,-0.35315589368
3.375,-0.4011153348
3.38,-0.3705956892
3.385,-0.2877566536
3.39,-0.17875792128
3.395,-0.06539924008
3.4,0.05231939
3.405,0.16567807464
3.41,0.27031685808
3.415,0.37495564152
3.42,0.44907477936
3.425,0.46651457488
3.43,0.41419518488
3.435,0.29211660248
3.44,0.12207857896
3.445,-0.04795944112
3.45,-0.18311787016
3.455,-0.27031685808
3.46,-0.32263624808
3.465,-0.36187579144
3.47,-0.41419518488
3.475,-0.44035487816
3.48,-0.36623574032
3.485,-0.17875792128
3.49,0.008719897759999999
3.495,0.13079848016
3.5,0.19619772024
3.505,0.2267173624
3.51,0.21799746464
3.515,0.17875792128
3.52,0.13079848016
3.525,0.0610392912
3.53,-0.04359949224
3.535,-0.14823827568
3.54,-0.19619772024
3.545,-0.21363751576
3.55,-0.25287705912
3.555,-0.30519645256
3.56,-0.30955640144
3.565,-0.21799746464
3.57,-0.05231939
3.575,0.12643853128
3.58,0.26595690576
3.585,0.33135614584
3.59,0.32263624808
3.595,0.24851711024
3.6,0.13951837792
3.605,0.008719897759999999
3.61,-0.11771863008
3.615,-0.23107731472
3.62,-0.30519645256
3.625,-0.32263624808
3.63,-0.27903675584
3.635,-0.22235741352
3.64,-0.18311787016
3.645,-0.13951837792
3.65,-0.07411913784
3.655,-0.00435994888
3.66,0.06539924008
3.665,0.1743979724
3.67,0.29647655136
3.675,0.3705956892
3.68,0.3705956892
3.685,0.30955640144
3.69,0.21799746464
3.695,0.11771863008
3.7,0.02179974784
3.705,-0.0828390356
3.71,-0.18311787016
3.715,-0.26159695688
3.72,-0.27903675584
3.725,-0.21799746464
3.73,-0.09591888568
3.735,-0.01743979552
3.74,-0.02615969672
3.745,-0.06539924008
3.75,-0.04795944112
3.755,0.02615969672
3.76,0.10899873232
3.765,0.15259822456
3.77,0.11771863008
3.775,0
3.78,-0.1133586812
3.785,-0.15259822456
3.79,-0.11771863008
3.795,-0.07847908671999999
3.8,-0.05667934232000001
3.805,-0.04359949224
3.81,0
3.815,0.0828390356
3.82,0.15259822456
3.825,0.12207857896
3.83,0.01743979552
3.835,-0.06975918896
3.84,-0.07411913784
3.845,-0.0305196456
3.85,-0.01307984664
3.855,-0.01307984664
3.86,0.03487959448
3.865,0.10463878344
3.87,0.15259822456
3.875,0.18747781904
3.88,0.21363751576
3.885,0.21363751576
3.89,0.18311787016
3.895,0.14823827568
3.9,0.12207857896
3.905,0.10463878344
3.91,0.08719898448000001
3.915,0.04795944112
3.92,-0.01743979552
3.925,-0.0828390356
3.93,-0.1133586812
3.935,-0.08719898448000001
3.94,-0.03487959448
3.945,0
3.95,0.02179974784
3.955,0.05231939
3.96,0.0610392912
3.965,0.01743979552
3.97,-0.06975918896
3.975,-0.1438783268
3.98,-0.16567807464
3.985,-0.13515842904
3.99,-0.07847908671999999
3.995,-0.008719897759999999
4,0.04359949224
4.005,0.04359949224
4.01,0.02615969672
4.015,0.03487959448
4.02,0.05667934232000001
4.025,0.04359949224
4.03,0.00435994888
4.035,-0.03487959448
4.04,-0.04795944112
4.045,-0.04359949224
4.05,-0.0305196456
4.055,-0.02179974784
4.06,-0.0305196456
4.065,-0.04359949224
4.07,-0.04795944112
4.075,-0.04359949224
4.08,-0.03923954336
4.085,-0.04795944112
4.09,-0.07847908671999999
4.095,-0.1133586812
4.1,-0.12643853128
4.105,-0.10899873232
4.11,-0.07411913784
4.115,-0.01743979552
4.12,0.07411913784
4.125,0.17875792128
4.13,0.25287705912
4.135,0.26159695688
4.14,0.20927756688
4.145,0.09591888568
4.15,-0.05231939
4.155,-0.1743979724
4.16,-0.2267173624
4.165,-0.19183776792
4.17,-0.1133586812
4.175,-0.06539924008
4.18,-0.0828390356
4.185,-0.12207857896
4.19,-0.10463878344
4.195,0
4.2,0.15259822456
4.205,0.24851711024
4.21,0.27031685808
4.215,0.23979721248
4.22,0.20055766912
4.225,0.14823827568
4.23,0.06975918896
4.235,-0.01307984664
4.24,-0.11771863008
4.245,-0.22235741352
4.25,-0.27031685808
4.255,-0.21799746464
4.26,-0.1133586812
4.265,-0.04795944112
4.27,-0.02615969672
4.275,0.02615969672
4.28,0.12207857896
4.285,0.20055766912
4.29,0.23979721248
4.295,0.23979721248
4.3,0.21363751576
4.305,0.15259822456
4.31,0.0828390356
4.315,0.03487959448
4.32,-0.008719897759999999
4.325,-0.06975918896
4.33,-0.1438783268
4.335,-0.19619772024
4.34,-0.21363751576
4.345,-0.19183776792
4.35,-0.15259822456
4.355,-0.12207857896
4.36,-0.14823827568
4.365,-0.19619772024
4.37,-0.15695817344
4.375,0
4.38,0.16131812576
4.385,0.20055766912
4.39,0.13951837792
4.395,0.06975918896
4.4,0.0305196456
4.405,-0.008719897759999999
4.41,-0.04359949224
4.415,-0.05667934232000001
4.42,-0.06975918896
4.425,-0.11771863008
4.43,-0.15695817344
4.435,-0.11771863008
4.44,0
4.445,0.07411913784
4.45,0.04359949224
4.455,0.008719897759999999
4.46,0.06975918896
4.465,0.16131812576
4.47,0.18311787016
4.475,0.1133586812
4.48,0.02615969672
4.485,0.01307984664
4.49,0.03923954336
4.495,0.03923954336
4.5,-0.00435994888
4.505,-0.10027883456
4.51,-0.21363751576
4.515,-0.30519645256
4.52,-0.30519645256
4.525,-0.19183776792
4.53,-0.03487959448
4.535,0.04795944112
4.54,0.03923954336
4.545,0.03487959448
4.55,0.10463878344
4.555,0.204917618
4.56,0.26595690576
4.565,0.26595690576
4.57,0.18311787016
4.575,0.05231939
4.58,-0.04359949224
4.585,-0.06975918896
4.59,-0.09155893679999999
4.595,-0.16131812576
4.6,-0.24851711024
4.605,-0.25287705912
4.61,-0.11771863008
4.615,0.07411913784
4.62,0.23107731472
4.625,0.30955640144
4.63,0.31391635032
4.635,0.28339670472
4.64,0.257237008
4.645,0.26595690576
4.65,0.30955640144
4.655,0.30519645256
4.66,0.20055766912
4.665,0.00435994888
4.67,-0.19619772024
4.675,-0.33571609472
4.68,-0.38803548816
4.685,-0.39675538592
4.69,-0.409835236
4.695,-0.3793155904
4.7,-0.26159695688
4.705,-0.10027883456
4.71,0.0305196456
4.715,0.13079848016
4.72,0.22235741352
4.725,0.29647655136
4.73,0.33571609472
4.735,0.35315589368
4.74,0.33571609472
4.745,0.257237008
4.75,0.1133586812
4.755,-0.06975918896
4.76,-0.26159695688
4.765,-0.43599492928
4.77,-0.56243346056
4.775,-0.61475285056
4.78,-0.5755133071999999
4.785,-0.4926742716
4.79,-0.41855513376
4.795,-0.34443599592
4.8,-0.24415716136
4.805,-0.10027883456
4.81,0.06539924008
4.815,0.23107731472
4.82,0.34443599592
4.825,0.3705956892
4.83,0.30083650024
4.835,0.19183776792
4.84,0.0828390356
4.845,-0.008719897759999999
4.85,-0.10899873232
4.855,-0.204917618
4.86,-0.21363751576
4.865,-0.15259822456
4.87,-0.08719898448000001
4.875,-0.05667934232000001
4.88,-0.04359949224
4.885,-0.00435994888
4.89,0.06539924008
4.895,0.16131812576
4.9,0.26595690576
4.905,0.28339670472
4.91,0.16131812576
4.915,-0.01307984664
4.92,-0.07411913784
4.925,-0.01743979552
4.93,0
4.935,-0.09155893679999999
4.94,-0.18747781904
4.945,-0.18311787016
4.95,-0.10463878344
4.955,-0.04359949224
4.96,0.00435994888
4.965,0.04359949224
4.97,0.07411913784
4.975,0.07411913784
4.98,0.04359949224
4.985,-0.00435994888
4.99,-0.05667934232000001
4.995,-0.11771863008
5,-0.13951837792
5.005,-0.07411913784
5.01,0.04795944112
5.015,0.17003802352
5.02,0.2354372636
5.025,0.23107731472
5.03,0.19183776792
5.035,0.14823827568
5.04,0.11771863008
5.045,0.1133586812
5.05,0.10899873232
5.055,0.06539924008
5.06,-0.02179974784
5.065,-0.10027883456
5.07,-0.13079848016
5.075,-0.12643853128
5.08,-0.09591888568
5.085,-0.03487959448
5.09,0.02179974784
5.095,0.01307984664
5.1,-0.05231939
5.105,-0.10027883456
5.11,-0.10027883456
5.115,-0.07847908671999999
5.12,-0.05231939
5.125,-0.02179974784
5.13,-0.00435994888
5.135,-0.00435994888
5.14,-0.02179974784
5.145,-0.04795944112
5.15,-0.06539924008
5.155,-0.0610392912
5.16,-0.04359949224
5.165,-0.01307984664
5.17,0.06539924008
5.175,0.15259822456
5.18,0.18747781904
5.185,0.1743979724
5.19,0.17003802352
5.195,0.16131812576
5.2,0.06975918896
5.205,-0.06539924008
5.21,-0.14823827568
5.215,-0.1438783268
5.22,-0.11771863008
5.225,-0.12643853128
5.23,-0.1438783268
5.235,-0.12643853128
5.24,-0.09591888568
5.245,-0.09591888568
5.25,-0.12207857896
5.255,-0.15695817344
5.26,-0.19183776792
5.265,-0.20055766912
5.27,-0.16567807464
5.275,-0.09155893679999999
5.28,0
5.285,0.10027883456
5.29,0.19183776792
5.295,0.23979721248
5.3,0.21799746464
5.305,0.13079848016
5.31,0.02615969672
5.315,-0.03923954336
5.32,-0.04795944112
5.325,-0.0828390356
5.33,-0.18747781904
5.335,-0.3182762992
5.34,-0.409835236
5.345,-0.4316349804
5.35,-0.36187579144
5.355,-0.23107731472
5.36,-0.10027883456
5.365,0.01307984664
5.37,0.12207857896
5.375,0.20055766912
5.38,0.23979721248
5.385,0.23107731472
5.39,0.18747781904
5.395,0.11771863008
5.4,0.04359949224
5.405,-0.0305196456
5.41,-0.12643853128
5.415,-0.21799746464
5.42,-0.26159695688
5.425,-0.24851711024
5.43,-0.19183776792
5.435,-0.06975918896
5.44,0.12207857896
5.445,0.29211660248
5.45,0.36623574032
5.455,0.39675538592
5.46,0.42727503152
5.465,0.38803548816
5.47,0.27467680696
5.475,0.15259822456
5.48,0.06539924008
5.485,-0.02615969672
5.49,-0.16131812576
5.495,-0.3182762992
5.5,-0.44035487816
5.505,-0.4926742716
5.51,-0.44035487816
5.515,-0.2877566536
5.52,-0.08719898448000001
5.525,0.05667934232000001
5.53,0.10463878344
5.535,0.13079848016
5.54,0.18311787016
5.545,0.20055766912
5.55,0.1438783268
5.555,0.05231939
5.56,-0.01743979552
5.565,-0.06539924008
5.57,-0.08719898448000001
5.575,-0.07411913784
5.58,-0.0305196456
5.585,0.01743979552
5.59,0.06975918896
5.595,0.11771863008
5.6,0.12207857896
5.605,0.09591888568
5.61,0.11771863008
5.615,0.17875792128
5.62,0.21799746464
5.625,0.18311787016
5.63,0.09155893679999999
5.635,-0.03923954336
5.64,-0.20055766912
5.645,-0.32263624808
5.65,-0.36187579144
5.655,-0.36623574032
5.66,-0.41855513376
5.665,-0.47523447264
5.67,-0.46651457488
5.675,-0.38803548816
5.68,-0.29211660248
5.685,-0.19619772024
5.69,-0.09155893679999999
5.695,0.00435994888
5.7,0.0828390356
5.705,0.16131812576
5.71,0.25287705912
5.715,0.3182762992
5.72,0.33571609472
5.725,0.30955640144
5.73,0.24851711024
5.735,0.15259822456
5.74,0.03487959448
5.745,-0.10027883456
5.75,-0.2354372636
5.755,-0.32263624808
5.76,-0.30955640144
5.765,-0.23979721248
5.77,-0.18311787016
5.775,-0.14823827568
5.78,-0.06539924008
5.785,0.0828390356
5.79,0.22235741352
5.795,0.26159695688
5.8,0.19619772024
5.805,0.0610392912
5.81,-0.12643853128
5.815,-0.32699619696
5.82,-0.4316349804
5.825,-0.409835236
5.83,-0.36623574032
5.835,-0.35315589368
5.84,-0.27903675584
5.845,-0.0828390356
5.85,0.16567807464
5.855,0.3793155904
5.86,0.5188339683199999
5.865,0.63219264952
5.87,0.73247148408
5.875,0.73247148408
5.88,0.57115335832
5.885,0.32263624808
5.89,0.14823827568
5.895,0.08719898448000001
5.9,-0.01307984664
5.905,-0.23979721248
5.91,-0.47523447264
5.915,-0.57987325608
5.92,-0.56679340944
5.925,-0.49703422048
5.93,-0.38367553928
5.935,-0.19183776792
5.94,0.06975918896
5.945,0.27031685808
5.95,0.3182762992
5.955,0.27903675584
5.96,0.21799746464
5.965,0.11771863008
5.97,-0.02179974784
5.975,-0.12643853128
5.98,-0.14823827568
5.985,-0.13951837792
5.99,-0.17003802352
5.995,-0.22235741352
6,-0.21363751576
6.005,-0.14823827568
6.01,-0.11771863008
6.015,-0.14823827568
6.02,-0.12207857896
6.025,0.04795944112
6.03,0.24415716136
6.035,0.35315589368
6.04,0.37495564152
6.045,0.36187579144
6.05,0.30083650024
6.055,0.14823827568
6.06,-0.0610392912
6.065,-0.24851711024
6.07,-0.33135614584
6.075,-0.30955640144
6.08,-0.27467680696
6.085,-0.31391635032
6.09,-0.35315589368
6.095,-0.23107731472
6.1,0.0610392912
6.105,0.35315589368
6.11,0.48831432272
6.115,0.55807351168
6.12,0.64091254728
6.125,0.6757921417599999
6.13,0.61475285056
6.135,0.51011406712
6.14,0.409835236
6.145,0.30519645256
6.15,0.19619772024
6.155,0.06539924008
6.16,-0.12207857896
6.165,-0.31391635032
6.17,-0.41419518488
6.175,-0.40547528368
6.18,-0.33571609472
6.185,-0.18747781904
6.19,0.01307984664
6.195,0.15259822456
6.2,0.18747781904
6.205,0.21799746464
6.21,0.27903675584
6.215,0.27031685808
6.22,0.10899873232
6.225,-0.12207857896
6.23,-0.34007604704
6.235,-0.47523447264
6.24,-0.53191381496
6.245,-0.49703422048
6.25,-0.3793155904
6.255,-0.25287705912
6.26,-0.204917618
6.265,-0.2267173624
6.27,-0.23107731472
6.275,-0.15695817344
6.28,-0.06539924008
6.285,-0.02179974784
6.29,-0.05231939
6.295,-0.1438783268
6.3,-0.21363751576
6.305,-0.12643853128
6.31,0.1743979724
6.315,0.4926742716
6.32,0.59295310616
6.325,0.5057541182400001
6.33,0.41855513376
6.335,0.34443599592
6.34,0.21799746464
6.345,0.0828390356
6.35,0.02615969672
6.355,-0.04359949224
6.36,-0.20055766912
6.365,-0.22235741352
6.37,0.02179974784
6.375,0.31391635032
6.38,0.38803548816
6.385,0.32699619696
6.39,0.30955640144
6.395,0.30955640144
6.4,0.20927756688
6.405,0.10899873232
6.41,0.12207857896
6.415,0.1743979724
6.42,0.1133586812
6.425,-0.03487959448
6.43,-0.15259822456
6.435,-0.13951837792
6.44,0
6.445,0.17003802352
6.45,0.27031685808
6.455,0.27031685808
6.46,0.20055766912
6.465,0.0828390356
6.47,-0.02179974784
6.475,-0.03487959448
6.48,0.05231939
6.485,0.13079848016
6.49,0.1438783268
6.495,0.10027883456
6.5,-0.008719897759999999
6.505,-0.19619772024
6.51,-0.38367553928
6.515,-0.4316349804
6.52,-0.28339670472
6.525,-0.03487959448
6.53,0.11771863008
6.535,0.1133586812
6.54,0.07411913784
6.545,0.13079848016
6.55,0.30083650024
6.555,0.46651457488
6.56,0.47523447264
6.565,0.3182762992
6.57,0.13079848016
6.575,-0.01307984664
6.58,-0.13079848016
6.585,-0.19183776792
6.59,-0.1743979724
6.595,-0.15259822456
6.6,-0.18747781904
6.605,-0.2267173624
6.61,-0.17003802352
6.615,-0.02179974784
6.62,0.15259822456
6.625,0.3182762992
6.63,0.48395437384
6.635,0.5755133071999999
6.64,0.48395437384
6.645,0.15695817344
6.65,-0.2267173624
6.655,-0.37495564152
6.66,-0.3487959448
6.665,-0.4011153348
6.67,-0.58423320496
6.675,-0.7499112796
6.68,-0.77171102744
6.685,-0.63219264952
6.69,-0.36623574032
6.695,-0.05667934232000001
6.7,0.1438783268
6.705,0.20927756688
6.71,0.257237008
6.715,0.3487959448
6.72,0.42727503152
6.725,0.41855513376
6.73,0.31391635032
6.735,0.12207857896
6.74,-0.06975918896
6.745,-0.0828390356
6.75,0.15259822456
6.755,0.46651457488
6.76,0.667072244
6.765,0.74119138184
6.77,0.74119138184
6.775,0.6452724961599999
6.78,0.48395437384
6.785,0.3793155904
6.79,0.40547528368
6.795,0.4708745237599999
6.8,0.42291508264
6.805,0.21363751576
6.81,-0.04359949224
6.815,-0.18311787016
6.82,-0.204917618
6.825,-0.20055766912
6.83,-0.16567807464
6.835,-0.03923954336
6.84,0.13079848016
6.845,0.21363751576
6.85,0.17003802352
6.855,0.04795944112
6.86,-0.05231939
6.865,-0.08719898448000001
6.87,-0.07847908671999999
6.875,-0.10463878344
6.88,-0.2354372636
6.885,-0.41419518488
6.89,-0.51011406712
6.895,-0.42727503152
6.9,-0.21363751576
6.905,-0.03923954336
6.91,0.06539924008
6.915,0.17875792128
6.92,0.30083650024
6.925,0.3705956892
6.93,0.35751584256
6.935,0.2877566536
6.94,0.23979721248
6.945,0.26595690576
6.95,0.29647655136
6.955,0.23107731472
6.96,0.09591888568
6.965,0.00435994888
6.97,-0.00435994888
6.975,-0.0305196456
6.98,-0.1133586812
6.985,-0.13951837792
6.99,-0.04795944112
6.995,0.03487959448
7,-0.01743979552
7.005,-0.15695817344
7.01,-0.17875792128
7.015,0.00435994888
7.02,0.2354372636
7.025,0.33135614584
7.03,0.31391635032
7.035,0.31391635032
7.04,0.35751584256
7.045,0.3705956892
7.05,0.30955640144
7.055,0.20055766912
7.06,0.10899873232
7.065,0.05667934232000001
7.07,-0.00435994888
7.075,-0.11771863008
7.08,-0.22235741352
7.085,-0.18747781904
7.09,0.02615969672
7.095,0.29647655136
7.1,0.44035487816
7.105,0.3705956892
7.11,0.17003802352
7.115,-0.02179974784
7.12,-0.16131812576
7.125,-0.27467680696
7.13,-0.33135614584
7.135,-0.32263624808
7.14,-0.29647655136
7.145,-0.33135614584
7.15,-0.4316349804
7.155,-0.5231939172
7.16,-0.5537135628000001
7.165,-0.54935361048
7.17,-0.54935361048
7.175,-0.5013941693599999
7.18,-0.30955640144
7.185,-0.02615969672
7.19,0.15695817344
7.195,0.20927756688
7.2,0.29211660248
7.205,0.4316349804
7.21,0.4926742716
7.215,0.42727503152
7.22,0.3487959448
7.225,0.34007604704
7.23,0.3487959448
7.235,0.26159695688
7.24,0.1133586812
7.245,0.03487959448
7.25,0.05231939
7.255,0.07411913784
7.26,0
7.265,-0.12643853128
7.27,-0.14823827568
7.275,-0.00435994888
7.28,0.10899873232
7.285,0.07847908671999999
7.29,0.0305196456
7.295,0.10463878344
7.3,0.23979721248
7.305,0.30955640144
7.31,0.35315589368
7.315,0.5013941693599999
7.32,0.71067173624
7.325,0.79351077184
7.33,0.7629911296799999
7.335,0.79351077184
7.34,0.9112294053600001
7.345,0.9330291497600001
7.35,0.74555133072
7.355,0.4708745237599999
7.36,0.27031685808
7.365,0.07847908671999999
7.37,-0.18747781904
7.375,-0.45779467712
7.38,-0.61475285056
7.385,-0.6452724961599999
7.39,-0.62783270064
7.395,-0.6060329528
7.4,-0.5188339683199999
7.405,-0.34443599592
7.41,-0.21363751576
7.415,-0.257237008
7.42,-0.3793155904
7.425,-0.4011153348
7.43,-0.33135614584
7.435,-0.30083650024
7.44,-0.29211660248
7.445,-0.16567807464
7.45,0.03487959448
7.455,0.05667934232000001
7.46,-0.13515842904
7.465,-0.2267173624
7.47,0
7.475,0.33135614584
7.48,0.5231939172
7.485,0.6234727517599999
7.49,0.73683143296
7.495,0.77171102744
7.5,0.6845120395199999
7.505,0.60167300392
7.51,0.6191127994400001
7.515,0.65399239392
7.52,0.59295310616
7.525,0.42291508264
7.53,0.25287705912
7.535,0.1133586812
7.54,-0.02615969672
7.545,-0.1438783268
7.55,-0.17003802352
7.555,-0.10899873232
7.56,-0.06975918896
7.565,-0.10463878344
7.57,-0.11771863008
7.575,0.00435994888
7.58,0.20927756688
7.585,0.32263624808
7.59,0.20927756688
7.595,-0.04359949224
7.6,-0.1743979724
7.605,-0.03923954336
7.61,0.20927756688
7.615,0.3182762992
7.62,0.22235741352
7.625,0.05231939
7.63,-0.04795944112
7.635,-0.12207857896
7.64,-0.25287705912
7.645,-0.39675538592
7.65,-0.39675538592
7.655,-0.27467680696
7.66,-0.19619772024
7.665,-0.19183776792
7.67,-0.08719898448000001
7.675,0.16567807464
7.68,0.39675538592
7.685,0.46651457488
7.69,0.49703422048
7.695,0.61475285056
7.7,0.71067173624
7.705,0.6845120395199999
7.71,0.6365525984
7.715,0.61475285056
7.72,0.53191381496
7.725,0.3182762992
7.73,0.05667934232000001
7.735,-0.10899873232
7.74,-0.19183776792
7.745,-0.257237008
7.75,-0.32263624808
7.755,-0.35315589368
7.76,-0.32699619696
7.765,-0.257237008
7.77,-0.16567807464
7.775,-0.01743979552
7.78,0.17875792128
7.785,0.31391635032
7.79,0.28339670472
7.795,0.13951837792
7.8,-0.03487959448
7.805,-0.19183776792
7.81,-0.26159695688
7.815,-0.24415716136
7.82,-0.18311787016
7.825,-0.09155893679999999
7.83,0.02615969672
7.835,0.15259822456
7.84,0.257237008
7.845,0.34443599592
7.85,0.44471483048
7.855,0.55807351168
7.86,0.58423320496
7.865,0.47523447264
7.87,0.3182762992
7.875,0.23979721248
7.88,0.21799746464
7.885,0.12207857896
7.89,-0.06975918896
7.895,-0.18311787016
7.9,-0.10899873232
7.905,-0.01743979552
7.91,-0.0610392912
7.915,-0.16567807464
7.92,-0.20927756688
7.925,-0.21799746464
7.93,-0.25287705912
7.935,-0.27467680696
7.94,-0.17003802352
7.945,0.06539924008
7.95,0.30519645256
7.955,0.45779467712
7.96,0.5188339683199999
7.965,0.48395437384
7.97,0.35751584256
7.975,0.23979721248
7.98,0.20927756688
7.985,0.23107731472
7.99,0.24851711024
7.995,0.27467680696
8,0.29647655136
8.005000000000001,0.2354372636
8.01,0.11771863008
8.015000000000001,0.03487959448
8.02,0.06539924008
8.025,0.17003802352
8.029999999999999,0.20927756688
8.035,0.17875792128
8.039999999999999,0.15695817344
8.045,0.18747781904
8.050000000000001,0.2354372636
8.055,0.204917618
8.06,0.01307984664
8.065,-0.2267173624
8.07,-0.24415716136
8.074999999999999,-0.02615969672
8.08,0.12643853128
8.085000000000001,0.05667934232000001
8.09,-0.07411913784
8.095000000000001,-0.0305196456
8.1,0.14823827568
8.105,0.23107731472
8.109999999999999,0.13515842904
8.115,0.05667934232000001
8.119999999999999,0.14823827568
8.125,0.29647655136
8.130000000000001,0.3182762992
8.135,0.25287705912
8.140000000000001,0.2267173624
8.145,0.18747781904
8.15,0.04795944112
8.154999999999999,-0.10899873232
8.16,-0.20055766912
8.164999999999999,-0.204917618
8.17,-0.09155893679999999
8.175000000000001,0.12207857896
8.18,0.28339670472
8.185,0.24415716136
8.19,0.1133586812
8.195,0.0305196456
8.199999999999999,-0.05667934232000001
8.205,-0.23107731472
8.210000000000001,-0.41419518488
8.215,-0.52755386608
8.220000000000001,-0.57115335832
8.225,-0.51011406712
8.23,-0.29647655136
8.234999999999999,-0.04795944112
8.24,0.15259822456
8.244999999999999,0.29647655136
8.25,0.30519645256
8.255000000000001,0.12207857896
8.26,-0.09155893679999999
8.265000000000001,-0.1743979724
8.27,-0.15259822456
8.275,-0.04359949224
8.279999999999999,0.19183776792
8.285,0.4011153348
8.289999999999999,0.34443599592
8.295,0.1438783268
8.300000000000001,0.09155893679999999
8.305,0.17003802352
8.31,0.16567807464
8.315,0.10027883456
8.32,0.10899873232
8.324999999999999,0.1438783268
8.33,0.12643853128
8.335000000000001,0.13515842904
8.34,0.16567807464
8.345000000000001,0.0610392912
8.35,-0.23107731472
8.355,-0.5057541182400001
8.359999999999999,-0.55807351168
8.365,-0.4926742716
8.369999999999999,-0.49703422048
8.375,-0.51447401944
8.380000000000001,-0.38803548816
8.385,-0.16567807464
8.390000000000001,-0.02179974784
8.395,-0.008719897759999999
8.4,-0.01743979552
8.404999999999999,0.008719897759999999
8.41,0.05667934232000001
8.414999999999999,0.14823827568
8.42,0.2877566536
8.425000000000001,0.36623574032
8.43,0.2354372636
8.435,-0.02179974784
8.44,-0.204917618
8.445,-0.28339670472
8.449999999999999,-0.3705956892
8.455,-0.462154626
8.460000000000001,-0.462154626
8.465,-0.42727503152
8.470000000000001,-0.48395437384
8.475,-0.62783270064
8.48,-0.73683143296
8.484999999999999,-0.67143219288
8.49,-0.46651457488
8.494999999999999,-0.27467680696
8.5,-0.19183776792
8.505000000000001,-0.22235741352
8.51,-0.2877566536
8.515000000000001,-0.34443599592
8.52,-0.4011153348
8.525,-0.44035487816
8.529999999999999,-0.4011153348
8.535,-0.23979721248
8.539999999999999,-0.01307984664
8.545,0.14823827568
8.550000000000001,0.15695817344
8.555,0.02615969672
8.56,-0.17875792128
8.565,-0.4011153348
8.57,-0.53191381496
8.574999999999999,-0.47523447264
8.58,-0.26159695688
8.585000000000001,-0.07411913784
8.59,-0.01743979552
8.595000000000001,0.01743979552
8.6,0.20927756688
8.605,0.46651457488
8.609999999999999,0.48395437384
8.615,0.29647655136
8.619999999999999,0.14823827568
8.625,0.1133586812
8.630000000000001,0.05231939
8.635,-0.12643853128
8.640000000000001,-0.34443599592
8.645,-0.46651457488
8.65,-0.44035487816
8.654999999999999,-0.33571609472
8.66,-0.23107731472
8.664999999999999,-0.13515842904
8.67,0.02179974784
8.675000000000001,0.31391635032
8.68,0.70195183848
8.685,0.9068694564800001
8.69,0.6365525984
8.695,0
8.699999999999999,-0.48831432272
8.705,-0.5188339683199999
8.710000000000001,-0.33135614584
8.715,-0.29211660248
8.720000000000001,-0.41419518488
8.725,-0.42291508264
8.73,-0.29647655136
8.734999999999999,-0.29211660248
8.74,-0.44907477936
8.744999999999999,-0.52755386608
8.75,-0.38803548816
8.755000000000001,-0.10899873232
8.76,0.15695817344
8.765000000000001,0.36623574032
8.77,0.462154626
8.775,0.34007604704
8.779999999999999,0.04795944112
8.785,-0.23107731472
8.789999999999999,-0.33571609472
8.795,-0.34007604704
8.800000000000001,-0.44035487816
8.805,-0.6452724961599999
8.81,-0.64091254728
8.815,-0.25287705912
8.82,0.1743979724
8.824999999999999,0.26159695688
8.83,0.18311787016
8.835000000000001,0.257237008
8.84,0.47523447264
8.845000000000001,0.6583523462400001
8.85,0.74119138184
8.855,0.64091254728
8.859999999999999,0.29211660248
8.865,-0.03923954336
8.869999999999999,-0.02615969672
8.875,0.19183776792
8.880000000000001,0.1438783268
8.885,-0.20055766912
8.890000000000001,-0.37495564152
8.895,-0.12207857896
8.9,0.17875792128
8.904999999999999,0.07411913784
8.91,-0.17003802352
8.914999999999999,-0.06975918896
8.92,0.27467680696
8.925000000000001,0.42291508264
8.93,0.204917618
8.935,-0.19183776792
8.94,-0.462154626
8.945,-0.5013941693599999
8.949999999999999,-0.60167300392
8.955,-1.0071482876
8.960000000000001,-1.48674271256
8.965,-1.51726235816
8.970000000000001,-0.9548288975999999
8.975,-0.3487959448
8.98,-0.17003802352
8.984999999999999,-0.21799746464
8.99,-0.04795944112
8.994999999999999,0.27467680696
9,0.27467680696
9.005000000000001,-0.20055766912
9.01,-0.6757921417599999
9.015000000000001,-0.6583523462400001
9.02,-0.33571609472
9.025,-0.22235741352
9.029999999999999,-0.39239543704
9.035,-0.4708745237599999
9.039999999999999,-0.2354372636
9.045,0.1438783268
9.050000000000001,0.36623574032
9.055,0.26159695688
9.06,-0.12643853128
9.065,-0.41855513376
9.07,-0.29211660248
9.074999999999999,-0.02615969672
9.08,-0.05667934232000001
9.085000000000001,-0.30955640144
9.09,-0.43599492928
9.095000000000001,-0.4011153348
9.1,-0.46651457488
9.105,-0.68015209064
9.109999999999999,-0.8719898619999999
9.115,-1.05074778328
9.119999999999999,-1.26002535016
9.125,-1.27746514568
9.130000000000001,-0.79787072072
9.135,0.07411913784
9.140000000000001,0.9199493031199999
9.145,1.35158428352
9.15,1.22514575568
9.154999999999999,0.77607097632
9.16,0.3705956892
9.164999999999999,0.19183776792
9.17,0.12207857896
9.175000000000001,-0.06975918896
9.18,-0.34443599592
9.185,-0.36623574032
9.19,-0.02615969672
9.195,0.22235741352
9.199999999999999,-0.00435994888
9.205,-0.44907477936
9.210000000000001,-0.6234727517599999
9.215,-0.43599492928
9.220000000000001,-0.23107731472
9.225,-0.409835236
9.23,-0.95046894872
9.234999999999999,-1.32978453568
9.24,-1.16410646448
9.244999999999999,-0.5231939172
9.25,0.17875792128
9.255000000000001,0.51011406712
9.26,0.44907477936
9.265000000000001,0.3182762992
9.27,0.5057541182400001
9.275,1.11614701992
9.279999999999999,1.78321926392
9.285,2.14073510648
9.289999999999999,1.92273764184
9.295,1.12922687
9.300000000000001,0.18747781904
9.305,-0.30519645256
9.31,-0.27031685808
9.315,-0.36623574032
9.32,-0.8632699608
9.324999999999999,-1.19462611008
9.33,-0.9722686931199999
9.335000000000001,-0.53191381496
9.34,-0.39675538592
9.345000000000001,-0.67143219288
9.35,-0.96354879536
9.355,-0.84583016528
9.359999999999999,-0.26159695688
9.365,0.40547528368
9.369999999999999,0.7542712284799999
9.375,0.68015209064
9.380000000000001,0.409835236
9.385,0.2267173624
9.390000000000001,0.12207857896
9.395,-0.23107731472
9.4,-0.96790874424
9.404999999999999,-1.6219011416
9.41,-1.68294042936
9.414999999999999,-1.02022813768
9.42,-0.1133586812
9.425000000000001,0.40547528368
9.43,0.30083650024
9.435,-0.06539924008
9.44,-0.0610392912
9.445,0.39239543704
9.449999999999999,0.74555133072
9.455,0.6452724961599999
9.460000000000001,0.24851711024
9.465,-0.15695817344
9.470000000000001,-0.38367553928
9.475,-0.27903675584
9.48,0.19619772024
9.484999999999999,0.6932319407199999
9.49,0.7629911296799999
9.494999999999999,0.33571609472
9.5,-0.20927756688
9.505000000000001,-0.4708745237599999
9.51,-0.49703422048
9.515000000000001,-0.53191381496
9.52,-0.6191127994400001
9.525,-0.6757921417599999
9.529999999999999,-0.71067173624
9.535,-0.73247148408
9.539999999999999,-0.6234727517599999
9.545,-0.35751584256
9.550000000000001,-0.1133586812
9.555,-0.06539924008
9.56,-0.13515842904
9.565,-0.07411913784
9.57,0.10463878344
9.574999999999999,0.03923954336
9.58,-0.47959442496
9.585000000000001,-1.13794676776
9.59,-1.38210392912
9.595000000000001,-1.02458808656
9.6,-0.41855513376
9.605,-0.008719897759999999
9.609999999999999,0
9.615,-0.204917618
9.619999999999999,-0.41855513376
9.625,-0.53627376384
9.630000000000001,-0.462154626
9.635,-0.23979721248
9.640000000000001,-0.09155893679999999
9.645,-0.1438783268
9.65,-0.21799746464
9.654999999999999,-0.05231939
9.66,0.28339670472
9.664999999999999,0.4708745237599999
9.67,0.41419518488
9.675000000000001,0.26595690576
9.68,0.13515842904
9.685,0.07847908671999999
9.69,0.1743979724
9.695,0.42727503152
9.699999999999999,0.61475285056
9.705,0.52755386608
9.710000000000001,0.18747781904
9.715,-0.19619772024
9.720000000000001,-0.41419518488
9.725,-0.45779467712
9.73,-0.5013941693599999
9.734999999999999,-0.66271229512
9.74,-0.8676299096800001
9.744999999999999,-0.98970849208
9.75,-0.96354879536
9.755000000000001,-0.6932319407199999
9.76,-0.20055766912
9.765000000000001,0.3487959448
9.77,0.77171102744
9.775,0.9243092519999999
9.779999999999999,0.74555133072
9.785,0.34443599592
9.789999999999999,-0.0610392912
9.795,-0.38367553928
9.800000000000001,-0.6932319407199999
9.805,-0.8589100119199999
9.81,-0.45343472824
9.815,0.51447401944
9.82,1.23386565344
9.824999999999999,1.08562737776
9.83,0.42291508264
9.835000000000001,-0.13079848016
9.84,-0.35751584256
9.845000000000001,-0.4011153348
9.85,-0.44907477936
9.855,-0.4316349804
9.859999999999999,-0.13079848016
9.865,0.3705956892
9.869999999999999,0.80223067304
9.875,1.0376679332
9.880000000000001,1.08126742544
9.885,0.98098859432
9.890000000000001,0.8240304174400001
9.895,0.7804309252
9.9,0.90250950416
9.904999999999999,0.9548288975999999
9.91,0.79787072072
9.914999999999999,0.54935361048
9.92,0.39675538592
9.925000000000001,0.36187579144
9.93,0.38803548816
9.935,0.47959442496
9.94,0.62783270064
9.945,0.68015209064
9.949999999999999,0.6234727517599999
9.955,0.63219264952
9.960000000000001,0.7542712284799999
9.965,0.6845120395199999
9.970000000000001,0.23979721248
9.975,-0.34443599592
9.98,-0.7150316851199999
9.984999999999999,-0.79351077184
9.99,-0.8632699608
9.994999999999999,-1.02458808656
10,-1.16410646448
10.005,-1.26438529904
10.01,-1.386463878
10.015,-1.43878327144
10.02,-1.29054499232
10.025,-1.04202788208
10.03,-0.9417490509600001
10.035,-0.9984283898399999
10.04,-1.05074778328
10.045,-0.9766286454399999
10.05,-0.7193916340000001
10.055,-0.29647655136
10.06,0.19183776792
10.065,0.61475285056
10.07,0.8937896063999999
10.075,1.05946768104
10.08,1.18154626
10.085,1.27746514568
10.09,1.26438529904
10.095,1.0158681888
10.1,0.41855513376
10.105,-0.3793155904
10.11,-0.93738909864
10.115,-1.17282636224
10.12,-1.29054499232
10.125,-1.3254245868
10.13,-1.0987072244
10.135,-0.56679340944
10.14,0.09155893679999999
10.145,0.67143219288
10.15,1.08126742544
10.155,1.39082382688
10.16,1.73961977168
10.165,2.14509505536
10.17,2.52005069688
10.175,2.7511280116
10.18,2.65084917704
10.185,2.04045627536
10.19,1.18154626
10.195,0.6975918896000001
10.2,0.78479087408
10.205,1.01150823992
10.21,1.0681875788
10.215,1.03330798432
10.22,1.07690747656
10.225,1.13358681888
10.23,0.9722686931199999
10.235,0.53627376384
10.24,0.10027883456
10.245,-0.03487959448
10.25,0.16567807464
10.255,0.4316349804
10.26,0.42727503152
10.265,0.10463878344
10.27,-0.27031685808
10.275,-0.44907477936
10.28,-0.5057541182400001
10.285,-0.7629911296799999
10.29,-1.22950570456
10.295,-1.4693029136
10.3,-1.17282636224
10.305,-0.6060329528
10.31,-0.3705956892
10.315,-0.7804309252
10.32,-1.32106463792
10.325,-1.21642585448
10.33,-0.49703422048
10.335,0.19183776792
10.34,0.47523447264
10.345,0.5057541182400001
10.35,0.63219264952
10.355,0.8676299096800001
10.36,0.99406844096
10.365,1.02458808656
10.37,1.12922687
10.375,1.2731051968
10.38,1.30798479128
10.385,1.16846641336
10.39,0.8589100119199999
10.395,0.3182762992
10.4,-0.35315589368
10.405,-0.82839036632
10.41,-0.96354879536
10.415,-0.8109505708
10.42,-0.51011406712
10.425,-0.24415716136
10.43,-0.0305196456
10.435,0.27031685808
10.44,0.6932319407199999
10.445,0.96354879536
10.45,0.85019011416
10.455,0.44907477936
10.46,-0.04795944112
10.465,-0.4926742716
10.47,-0.74555133072
10.475,-0.77607097632
10.48,-0.6234727517599999
10.485,-0.29647655136
10.49,0.20055766912
10.495,0.72375158288
10.5,1.06382762992
10.505,1.20770595672
10.51,1.29490494464
10.515,1.35158428352
10.52,1.3036248424
10.525,1.14666666552
10.53,0.8807097597600001
10.535,0.41419518488
10.54,-0.17875792128
10.545,-0.58423320496
10.55,-0.65399239392
10.555,-0.59295310616
10.56,-0.6191127994400001
10.565,-0.68015209064
10.57,-0.65399239392
10.575,-0.56243346056
10.58,-0.45779467712
10.585,-0.25287705912
10.59,0.10027883456
10.595,0.39239543704
10.6,0.3182762992
10.605,-0.10027883456
10.61,-0.46651457488
10.615,-0.55807351168
10.62,-0.42727503152
10.625,-0.21363751576
10.63,-0.07411913784
10.635,-0.10027883456
10.64,-0.25287705912
10.645,-0.409835236
10.65,-0.46651457488
10.655,-0.49703422048
10.66,-0.52755386608
10.665,-0.42727503152
10.67,-0.22235741352
10.675,-0.18747781904
10.68,-0.42291508264
10.685,-0.6757921417599999
10.69,-0.6975918896000001
10.695,-0.62783270064
10.7,-0.6452724961599999
10.705,-0.60167300392
10.71,-0.34443599592
10.715,-0.09155893679999999
10.72,-0.13951837792
10.725,-0.47523447264
10.73,-0.81531051968
10.735,-0.9984283898399999
10.74,-1.18590620888
10.745,-1.49110266144
10.75,-1.71782002384
10.755,-1.643700886
10.76,-1.32106463792
10.765,-0.9766286454399999
10.77,-0.73683143296
10.775,-0.6060329528
10.78,-0.5013941693599999
10.785,-0.3793155904
10.79,-0.24415716136
10.795,-0.05231939
10.8,0.29647655136
10.805,0.7804309252
10.81,1.19462611008
10.815,1.34286438576
10.82,1.22514575568
10.825,0.94610899984
10.83,0.5057541182400001
10.835,-0.10463878344
10.84,-0.6932319407199999
10.845,-1.0071482876
10.85,-0.98098859432
10.855,-0.7542712284799999
10.86,-0.53191381496
10.865,-0.38803548816
10.87,-0.24851711024
10.875,-0.03487959448
10.88,0.20927756688
10.885,0.39239543704
10.89,0.5013941693599999
10.895,0.5885931572799999
10.9,0.6452724961599999
10.905,0.6365525984
10.91,0.59295310616
10.915,0.47959442496
10.92,0.20055766912
10.925,-0.15259822456
10.93,-0.16567807464
10.935,0.41419518488
10.94,1.15538656672
10.945,1.46058301584
10.95,1.34722433464
10.955,1.18154626
10.96,1.05510773216
10.965,0.8327503152
10.97,0.45343472824
10.975,0.04795944112
10.98,-0.16567807464
10.985,-0.11771863008
10.99,-0.12643853128
10.995,-0.5013941693599999
11,-1.17282636224
11.005,-1.63498098824
11.01,-1.40826362584
11.015,-0.59295310616
11.02,0.25287705912
11.025,0.8109505708
11.03,1.24694550008
11.035,1.70910012608
11.04,1.87041825184
11.045,1.51726235816
11.05,0.95046894872
11.055,0.6060329528
11.06,0.62783270064
11.065,0.7542712284799999
11.07,0.6888719884
11.075,0.52755386608
11.08,0.5188339683199999
11.085,0.6191127994400001
11.09,0.6234727517599999
11.095,0.56679340944
11.1,0.7542712284799999
11.105,1.22078580336
11.11,1.591381496
11.115,1.71346007496
11.12,1.7352598228
11.125,1.7047401772
11.13,1.5303422048
11.135,1.2731051968
11.14,1.14666666552
11.145,1.0463878344
11.15,0.56679340944
11.155,-0.257237008
11.16,-0.9853485432000001
11.165,-1.36466413016
11.17,-1.68294042936
11.175,-2.21485424432
11.18,-2.75984790936
11.185,-2.93860583064
11.19,-2.66392902368
11.195,-2.15381495656
11.2,-1.64806083488
11.205,-1.12922687
11.21,-0.42727503152
11.215,0.5057541182400001
11.22,1.40826362584
11.225,1.83989860624
11.23,1.48238276368
11.235,0.61039290168
11.24,-0.06539924008
11.245,-0.24851711024
11.25,-0.13951837792
11.255,0.10463878344
11.26,0.5013941693599999
11.265,0.9853485432000001
11.27,1.30798479128
11.275,1.32978453568
11.28,1.18590620888
11.285,1.00278833872
11.29,0.72375158288
11.295,0.41855513376
11.3,0.36187579144
11.305,0.65399239392
11.31,1.00278833872
11.315,1.02022813768
11.32,0.70631178736
11.325,0.38803548816
11.33,0.23107731472
11.335,0.13079848016
11.34,0
11.345,-0.0610392912
11.35,0.04359949224
11.355,0.22235741352
11.36,0.27467680696
11.365,0.21799746464
11.37,0.2267173624
11.375,0.32699619696
11.38,0.36187579144
11.385,0.20055766912
11.39,-0.09155893679999999
11.395,-0.34007604704
11.4,-0.5057541182400001
11.405,-0.6845120395199999
11.41,-0.9243092519999999
11.415,-1.18154626
11.42,-1.39082382688
11.425,-1.48674271256
11.43,-1.43878327144
11.435,-1.32978453568
11.44,-1.29926489352
11.445,-1.29490494464
11.45,-1.12050697224
11.455,-0.66271229512
11.46,0.13515842904
11.465,1.22514575568
11.47,2.17997464984
11.475,2.33693282672
11.48,1.53906210256
11.485,0.4926742716
11.49,-0.15695817344
11.495,-0.40547528368
11.5,-0.51447401944
11.505,-0.63219264952
11.51,-0.71067173624
11.515,-0.59295310616
11.52,-0.11771863008
11.525,0.60167300392
11.53,1.0463878344
11.535,1.03330798432
11.54,0.7673510785600001
11.545,0.47959442496
11.55,0.33135614584
11.555,0.48395437384
11.56,0.9068694564800001
11.565,1.22078580336
11.57,0.9766286454399999
11.575,0.29647655136
11.58,-0.27903675584
11.585,-0.45343472824
11.59,-0.4011153348
11.595,-0.39675538592
11.6,-0.5013941693599999
11.605,-0.60167300392
11.61,-0.7193916340000001
11.615,-0.9984283898399999
11.62,-1.39954372464
11.625,-1.60882129152
11.63,-1.28182509456
11.635,-0.40547528368
11.64,0.6583523462400001
11.645,1.28182509456
11.65,1.02458808656
11.655,0.2354372636
11.66,-0.39675538592
11.665,-0.5188339683199999
11.67,-0.21363751576
11.675,0.24851711024
11.68,0.667072244
11.685,0.9417490509600001
11.69,1.0463878344
11.695,0.9330291497600001
11.7,0.5537135628000001
11.705,0.05231939
11.71,-0.27467680696
11.715,-0.23107731472
11.72,0.07847908671999999
11.725,0.39239543704
11.73,0.5537135628000001
11.735,0.48395437384
11.74,0.18747781904
11.745,-0.29211660248
11.75,-0.8719898619999999
11.755,-1.3254245868
11.76,-1.36902408248
11.765,-0.98098859432
11.77,-0.61475285056
11.775,-0.6845120395199999
11.78,-0.9112294053600001
11.785,-0.73247148408
11.79,-0.11771863008
11.795,0.5013941693599999
11.8,0.8589100119199999
11.805,0.98098859432
11.81,0.8719898619999999
11.815,0.47959442496
11.82,0.00435994888
11.825,-0.19619772024
11.83,-0.05231939
11.835,0.18311787016
11.84,0.19183776792
11.845,-0.16131812576
11.85,-0.7629911296799999
11.855,-1.34286438576
11.86,-1.4998225592
11.865,-1.12922687
11.87,-0.39239543704
11.875,0.34007604704
11.88,0.6365525984
11.885,0.44471483048
11.89,0.08719898448000001
11.895,-0.16131812576
11.9,-0.22235741352
11.905,-0.13079848016
11.91,0.07411913784
11.915,0.257237008
11.92,0.27031685808
11.925,0.13515842904
11.93,-0.09591888568
11.935,-0.53191381496
11.94,-1.23822560232
11.945,-1.79193916512
11.95,-1.7657794684
11.955,-1.28182509456
11.96,-0.6888719884
11.965,-0.10463878344
11.97,0.4708745237599999
11.975,0.9243092519999999
11.98,1.11178707104
11.985,1.0987072244
11.99,1.14230671664
11.995,1.28618504344
12,1.3254245868
12.005,1.13358681888
12.01,0.7542712284799999
12.015,0.27467680696
12.02,-0.23979721248
12.025,-0.70195183848
12.03,-1.02458808656
12.035,-1.26438529904
12.04,-1.44314322032
12.045,-1.49110266144
12.05,-1.40826362584
12.055,-1.3036248424
12.06,-1.20334600784
12.065,-1.02458808656
12.07,-0.77607097632
12.075,-0.5885931572799999
12.08,-0.5406337127199999
12.085,-0.54935361048
12.09,-0.49703422048
12.095,-0.4011153348
12.1,-0.42291508264
12.105,-0.57987325608
12.11,-0.667072244
12.115,-0.5449936616
12.12,-0.26595690576
12.125,0.10463878344
12.13,0.46651457488
12.135,0.6452724961599999
12.14,0.52755386608
12.145,0.18747781904
12.15,-0.204917618
12.155,-0.5537135628000001
12.16,-0.8240304174400001
12.165,-0.8981495552800001
12.17,-0.6845120395199999
12.175,-0.27903675584
12.18,0.15259822456
12.185,0.52755386608
12.19,0.77171102744
12.195,0.79351077184
12.2,0.64091254728
12.205,0.44471483048
12.21,0.27031685808
12.215,0.12207857896
12.22,0.008719897759999999
12.225,-0.18747781904
12.23,-0.4926742716
12.235,-0.56243346056
12.24,-0.1743979724
12.245,0.38803548816
12.25,0.60167300392
12.255,0.35751584256
12.26,0.11771863008
12.265,0.17003802352
12.27,0.26159695688
12.275,0.09155893679999999
12.28,-0.20055766912
12.285,-0.40547528368
12.29,-0.5537135628000001
12.295,-0.7193916340000001
12.3,-0.84583016528
12.305,-0.8109505708
12.31,-0.53627376384
12.315,-0.10899873232
12.32,0.18311787016
12.325,0.14823827568
12.33,-0.04795944112
12.335,-0.06539924008
12.34,0.31391635032
12.345,0.9722686931199999
12.35,1.43006337024
12.355,1.2731051968
12.36,0.64091254728
12.365,0.15695817344
12.37,0.13951837792
12.375,0.27031685808
12.38,0.19183776792
12.385,0.1133586812
12.39,0.42727503152
12.395,0.9984283898399999
12.4,1.29926489352
12.405,1.18590620888
12.41,1.00278833872
12.415,0.8807097597600001
12.42,0.59295310616
12.425,0.12207857896
12.43,-0.20055766912
12.435,-0.19183776792
12.44,-0.10027883456
12.445,-0.18747781904
12.45,-0.36187579144
12.455,-0.42727503152
12.46,-0.44035487816
12.465,-0.56243346056
12.47,-0.77607097632
12.475,-0.83711026752
12.48,-0.6452724961599999
12.485,-0.42291508264
12.49,-0.3487959448
12.495,-0.34007604704
12.5,-0.23107731472
12.505,0.008719897759999999
12.51,0.25287705912
12.515,0.38367553928
12.52,0.3793155904
12.525,0.29211660248
12.53,0.257237008
12.535,0.33135614584
12.54,0.4011153348
12.545,0.257237008
12.55,-0.17003802352
12.555,-0.6496324450400001
12.56,-0.7891508229599999
12.565,-0.46651457488
12.57,-0.07847908671999999
12.575,-0.08719898448000001
12.58,-0.37495564152
12.585,-0.51447401944
12.59,-0.38367553928
12.595,-0.204917618
12.6,-0.12207857896
12.605,-0.13515842904
12.61,-0.2354372636
12.615,-0.3487959448
12.62,-0.3182762992
12.625,-0.13515842904
12.63,0.00435994888
12.635,0.008719897759999999
12.64,0.03923954336
12.645,0.2354372636
12.65,0.42291508264
12.655,0.30083650024
12.66,-0.05667934232000001
12.665,-0.30083650024
12.67,-0.24851711024
12.675,-0.008719897759999999
12.68,0.21799746464
12.685,0.35315589368
12.69,0.5057541182400001
12.695,0.67143219288
12.7,0.60167300392
12.705,0.13079848016
12.71,-0.45343472824
12.715,-0.6932319407199999
12.72,-0.58423320496
12.725,-0.6496324450400001
12.73,-1.06382762992
12.735,-1.26874524792
12.74,-0.9112294053600001
12.745,-0.30955640144
12.75,0.06539924008
12.755,0.13515842904
12.76,0.22235741352
12.765,0.48831432272
12.77,0.66271229512
12.775,0.51447401944
12.78,0.29647655136
12.785,0.33135614584
12.79,0.49703422048
12.795,0.409835236
12.8,0.02179974784
12.805,-0.32263624808
12.81,-0.37495564152
12.815,-0.2354372636
12.82,-0.03487959448
12.825,0.24415716136
12.83,0.51447401944
12.835,0.53627376384
12.84,0.30519645256
12.845,0.17003802352
12.85,0.33135614584
12.855,0.42727503152
12.86,0.09591888568
12.865,-0.3182762992
12.87,-0.23979721248
12.875,0.30955640144
12.88,0.78479087408
12.885,0.78479087408
12.89,0.37495564152
12.895,-0.29211660248
12.9,-1.07690747656
12.905,-1.6131812404
12.91,-1.7875792128
12.915,-1.68730038168
12.92,-1.386463878
12.925,-0.9068694564800001
12.93,-0.3487959448
12.935,0.15695817344
12.94,0.55807351168
12.945,0.8807097597600001
12.95,1.09434727552
12.955,1.11614701992
12.96,0.9984283898399999
12.965,0.99406844096
12.97,1.2120659056
12.975,1.22078580336
12.98,0.6452724961599999
12.985,-0.12207857896
12.99,-0.48395437384
12.995,-0.44471483048
13,-0.34443599592
13.005,-0.38803548816
13.01,-0.61475285056
13.015,-0.94610899984
13.02,-1.13794676776
13.025,-0.96354879536
13.03,-0.6496324450400001
13.035,-0.51447401944
13.04,-0.46651457488
13.045,-0.2267173624
13.05,0.10899873232
13.055,0.13079848016
13.06,-0.27031685808
13.065,-0.6452724961599999
13.07,-0.68015209064
13.075,-0.667072244
13.08,-0.8894296575199999
13.085,-1.14230671664
13.09,-1.07690747656
13.095,-0.70631178736
13.1,-0.3705956892
13.105,-0.25287705912
13.11,-0.24851711024
13.115,-0.15259822456
13.12,0.07847908671999999
13.125,0.3487959448
13.13,0.5537135628000001
13.135,0.6452724961599999
13.14,0.63219264952
13.145,0.4708745237599999
13.15,0.21799746464
13.155,0.22235741352
13.16,0.63219264952
13.165,1.0376679332
13.17,0.8589100119199999
13.175,0.07411913784
13.18,-0.7499112796
13.185,-0.95046894872
13.19,-0.44907477936
13.195,0.20927756688
13.2,0.5231939172
13.205,0.52755386608
13.21,0.56243346056
13.215,0.81967046856
13.22,1.10306717328
13.225,0.9984283898399999
13.23,0.44035487816
13.235,-0.03487959448
13.24,-0.12643853128
13.245,-0.02615969672
13.25,0.04795944112
13.255,0.1438783268
13.26,0.35751584256
13.265,0.5449936616
13.27,0.36187579144
13.275,-0.21363751576
13.28,-0.57987325608
13.285,-0.39675538592
13.29,0.05231939
13.295,0.28339670472
13.3,0.21363751576
13.305,0.21363751576
13.31,0.5057541182400001
13.315,0.81967046856
13.32,0.78479087408
13.325,0.59731305504
13.33,0.6757921417599999
13.335,0.9243092519999999
13.34,0.8807097597600001
13.345,0.42727503152
13.35,-0.04795944112
13.355,-0.25287705912
13.36,-0.23107731472
13.365,-0.13515842904
13.37,0.01307984664
13.375,0.10463878344
13.38,-0.03487959448
13.385,-0.33571609472
13.39,-0.53627376384
13.395,-0.5537135628000001
13.4,-0.53627376384
13.405,-0.44471483048
13.41,0.05231939
13.415,0.98098859432
13.42,1.68294042936
13.425,1.60446134264
13.43,1.0987072244
13.435,1.0376679332
13.44,1.58702154712
13.445,2.0230164764
13.45,1.87477820072
13.455,1.42134347248
13.46,1.00278833872
13.465,0.5755133071999999
13.47,-0.02179974784
13.475,-0.6975918896000001
13.48,-1.09434727552
13.485,-0.88506970864
13.49,-0.43599492928
13.495,-0.2267173624
13.5,-0.25287705912
13.505,-0.18311787016
13.51,0.02179974784
13.515,0.0610392912
13.52,-0.29647655136
13.525,-0.8109505708
13.53,-0.94610899984
13.535,-0.62783270064
13.54,-0.23107731472
13.545,-0.09155893679999999
13.55,-0.16131812576
13.555,-0.10463878344
13.56,0.23107731472
13.565,0.5057541182400001
13.57,0.3793155904
13.575,0.10027883456
13.58,0.03923954336
13.585,0.1133586812
13.59,0.01743979552
13.595,-0.35315589368
13.6,-0.8240304174400001
13.605,-1.11178707104
13.61,-0.9722686931199999
13.615,-0.5449936616
13.62,-0.17003802352
13.625,-0.08719898448000001
13.63,-0.33571609472
13.635,-0.72375158288
13.64,-1.05946768104
13.645,-1.32978453568
13.65,-1.57830164936
13.655,-1.75269961832
13.66,-1.73089987392
13.665,-1.39082382688
13.67,-0.8109505708
13.675,-0.21363751576
13.68,0.1133586812
13.685,-0.00435994888
13.69,-0.41419518488
13.695,-0.71067173624
13.7,-0.70195183848
13.705,-0.61475285056
13.71,-0.70631178736
13.715,-0.8632699608
13.72,-0.72375158288
13.725,-0.0610392912
13.73,0.85019011416
13.735,1.42570342136
13.74,1.66114068496
13.745,1.75269961832
13.75,1.47366286592
13.755,0.56679340944
13.76,-0.53191381496
13.765,-1.12922687
13.77,-0.8807097597600001
13.775,-0.04795944112
13.78,0.64091254728
13.785,0.6845120395199999
13.79,0.02179974784
13.795,-0.8719898619999999
13.8,-1.3559442324
13.805,-1.2120659056
13.81,-0.7804309252
13.815,-0.55807351168
13.82,-0.6583523462400001
13.825,-0.80223067304
13.83,-0.71067173624
13.835,-0.27467680696
13.84,0.39675538592
13.845,0.98098859432
13.85,1.04202788208
13.855,0.41855513376
13.86,-0.46651457488
13.865,-0.98970849208
13.87,-0.8676299096800001
13.875,-0.27031685808
13.88,0.27467680696
13.885,0.29211660248
13.89,-0.13515842904
13.895,-0.49703422048
13.9,-0.48831432272
13.905,-0.3705956892
13.91,-0.48831432272
13.915,-0.80659062192
13.92,-1.0158681888
13.925,-0.77607097632
13.93,0.13079848016
13.935,1.51726235816
13.94,2.56365018912
13.945,2.58544993696
13.95,1.9401774408
13.955,1.4475031692
13.96,1.27746514568
13.965,1.04202788208
13.97,0.56679340944
13.975,0.13515842904
13.98,-0.09591888568
13.985,-0.39675538592
13.99,-1.02894803544
13.995,-1.81373890952
14,-2.37617237008
14.005,-2.49389100016
14.01,-2.12765525984
14.015,-1.39518377576
14.02,-0.59731305504
14.025,-0.04795944112
14.03,0.29647655136
14.035,0.79787072072
14.04,1.43878327144
14.045,1.7352598228
14.05,1.42570342136
14.055,0.81531051968
14.06,0.45343472824
14.065,0.52755386608
14.07,0.72375158288
14.075,0.66271229512
14.08,0.3182762992
14.085,-0.06539924008
14.09,-0.1438783268
14.095,0.2354372636
14.1,0.70195183848
14.105,0.75863117736
14.11,0.42291508264
14.115,0.20055766912
14.12,0.35315589368
14.125,0.7281115352
14.13,1.13794676776
14.135,1.42134347248
14.14,1.43878327144
14.145,1.02022813768
14.15,0.18311787016
14.155,-0.66271229512
14.16,-1.2731051968
14.165,-1.60010139376
14.17,-1.58702154712
14.175,-1.19462611008
14.18,-0.64091254728
14.185,-0.36623574032
14.19,-0.47959442496
14.195,-0.57987325608
14.2,-0.39239543704
14.205,-0.15259822456
14.21,-0.15695817344
14.215,-0.44471483048
14.22,-0.8632699608
14.225,-1.26438529904
14.23,-1.4693029136
14.235,-1.39082382688
14.24,-1.2731051968
14.245,-1.39518377576
14.25,-1.62626109048
14.255,-1.58266159824
14.26,-1.0463878344
14.265,-0.15695817344
14.27,0.84583016528
14.275,1.74833966944
14.28,2.33693282672
14.285,2.62468948032
14.29,2.5767300392
14.295,2.1145754132
14.3,1.34722433464
14.305,0.58423320496
14.31,0.02179974784
14.315,-0.38367553928
14.32,-0.72375158288
14.325,-1.0463878344
14.33,-1.24694550008
14.335,-1.12050697224
14.34,-0.5755133071999999
14.345,0.07411913784
14.35,0.31391635032
14.355,0.12207857896
14.36,0.04359949224
14.365,0.30955640144
14.37,0.57987325608
14.375,0.5755133071999999
14.38,0.4926742716
14.385,0.66271229512
14.39,0.9984283898399999
14.395,1.10306717328
14.4,0.94610899984
14.405,1.05510773216
14.41,1.57394169704
14.415,1.89657794512
14.42,1.5085424604
14.425,0.6060329528
14.43,-0.2267173624
14.435,-0.59295310616
14.44,-0.462154626
14.445,-0.008719897759999999
14.45,0.39239543704
14.455,0.4011153348
14.46,0.0305196456
14.465,-0.4316349804
14.47,-0.79351077184
14.475,-1.19462611008
14.48,-1.73089987392
14.485,-2.01865652752
14.49,-1.75269961832
14.495,-1.1510266144
14.5,-0.7804309252
14.505,-0.9330291497600001
14.51,-1.26874524792
14.515,-1.386463878
14.52,-1.4169835236
14.525,-1.7047401772
14.53,-2.1363751576
14.535,-2.26717363776
14.54,-1.77449936616
14.545,-0.7891508229599999
14.55,0.33571609472
14.555,1.31670468904
14.56,1.98377693304
14.565,2.35873257456
14.57,2.50697085024
14.575,2.41977186232
14.58,1.95325728744
14.585,1.09434727552
14.59,0.13079848016
14.595,-0.59731305504
14.6,-1.0071482876
14.605,-1.05074778328
14.61,-0.5057541182400001
14.615,0.4708745237599999
14.62,1.35158428352
14.625,1.72217997616
14.63,1.64806083488
14.635,1.46494296472
14.64,1.25566539784
14.645,0.7673510785600001
14.65,0.02615969672
14.655,-0.43599492928
14.66,-0.5231939172
14.665,-0.64091254728
14.67,-1.03330798432
14.675,-1.42570342136
14.68,-1.30798479128
14.685,-0.47959442496
14.69,0.56679340944
14.695,1.10742712216
14.7,1.01150823992
14.705,0.6757921417599999
14.71,0.39239543704
14.715,0.27467680696
14.72,0.37495564152
14.725,0.6975918896000001
14.73,1.12922687
14.735,1.33850443688
14.74,1.07690747656
14.745,0.47523447264
14.75,-0.08719898448000001
14.755,-0.3705956892
14.76,-0.56679340944
14.765,-0.8807097597600001
14.77,-1.10306717328
14.775,-0.8894296575199999
14.78,-0.35315589368
14.785,0.13515842904
14.79,0.44907477936
14.795,0.68015209064
14.8,0.88506970864
14.805,1.05946768104
14.81,1.21642585448
14.815,1.26874524792
14.82,0.9330291497600001
14.825,0.07847908671999999
14.83,-1.03330798432
14.835,-2.07097591752
14.84,-2.89064638952
14.845,-3.39204055888
14.85,-3.44
14.855,-2.82524714944
14.86,-1.5303422048
14.865,0.07411913784
14.87,1.52162230704
14.875,2.3936121656
14.88,2.50697085024
14.885,2.22357414552
14.89,2.04917617312
14.895,2.07097591752
14.9,1.94453738968
14.905,1.49110266144
14.91,1.04202788208
14.915,0.8894296575199999
14.92,0.73247148408
14.925,0.0610392912
14.93,-1.11614701992
14.935,-2.19305449992
14.94,-2.57237009032
14.945,-2.1668948032
14.95,-1.44314322032
14.955,-0.8937896063999999
14.96,-0.67143219288
14.965,-0.7193916340000001
14.97,-0.88506970864
14.975,-0.9853485432000001
14.98,-1.00278833872
14.985,-1.0071482876
14.99,-0.94610899984
14.995,-0.70195183848
15,-0.30955640144
15.005,0.06975918896
15.01,0.2877566536
15.015,0.30519645256
15.02,0.13515842904
15.025,-0.19619772024
15.03,-0.57115335832
15.035,-0.93738909864
15.04,-1.17282636224
15.045,-1.07254752768
15.05,-0.5755133071999999
15.055,0.0828390356
15.06,0.57987325608
15.065,0.81967046856
15.07,0.92866920088
15.075,1.02022813768
15.08,1.11178707104
15.085,1.20770595672
15.09,1.334144488
15.095,1.48674271256
15.1,1.57830164936
15.105,1.45622306696
15.11,0.9548288975999999
15.115,0.21363751576
15.12,-0.38803548816
15.125,-0.60167300392
15.13,-0.60167300392
15.135,-0.6975918896000001
15.14,-0.8807097597600001
15.145,-0.8763498108799999
15.15,-0.667072244
15.155,-0.59731305504
15.16,-0.77171102744
15.165,-0.90250950416
15.17,-0.7281115352
15.175,-0.32699619696
15.18,-0.008719897759999999
15.185,0.03923954336
15.19,-0.0305196456
15.195,0.01743979552
15.2,0.13515842904
15.205,0.1133586812
15.21,-0.12207857896
15.215,-0.41855513376
15.22,-0.56679340944
15.225,-0.36623574032
15.23,0.24851711024
15.235,1.03330798432
15.24,1.5608618504
15.245,1.51726235816
15.25,0.99406844096
15.255,0.5231939172
15.26,0.5057541182400001
15.265,0.71067173624
15.27,0.52755386608
15.275,-0.23107731472
15.28,-0.92866920088
15.285,-1.0376679332
15.29,-0.64091254728
15.295,-0.2877566536
15.3,-0.36623574032
15.305,-0.7542712284799999
15.31,-1.08126742544
15.315,-1.12922687
15.32,-0.9417490509600001
15.325,-0.63219264952
15.33,-0.33135614584
15.335,-0.15259822456
15.34,-0.23107731472
15.345,-0.6060329528
15.35,-1.08998732664
15.355,-1.34286438576
15.36,-1.08562737776
15.365,-0.53627376384
15.37,-0.02615969672
15.375,0.33571609472
15.38,0.56243346056
15.385,0.7281115352
15.39,0.88506970864
15.395,1.02022813768
15.4,1.10306717328
15.405,1.12486692112
15.41,1.0071482876
15.415,0.59731305504
15.42,0.03487959448
15.425,-0.31391635032
15.43,-0.29211660248
15.435,-0.1743979724
15.44,-0.29211660248
15.445,-0.5537135628000001
15.45,-0.62783270064
15.455,-0.4708745237599999
15.46,-0.27903675584
15.465,-0.06975918896
15.47,0.33571609472
15.475,0.95918884648
15.48,1.44314322032
15.485,1.32106463792
15.49,0.79351077184
15.495,0.3793155904
15.5,0.34443599592
15.505,0.57115335832
15.51,0.6583523462400001
15.515,0.35315589368
15.52,-0.24415716136
15.525,-0.7673510785600001
15.53,-0.88506970864
15.535,-0.63219264952
15.54,-0.16131812576
15.545,0.3705956892
15.55,0.82839036632
15.555,1.17282636224
15.56,1.386463878
15.565,1.33850443688
15.57,1.02894803544
15.575,0.8632699608
15.58,1.08562737776
15.585,1.3036248424
15.59,0.8937896063999999
15.595,-0.06539924008
15.6,-0.81531051968
15.605,-0.93738909864
15.61,-0.70631178736
15.615,-0.61039290168
15.62,-0.7499112796
15.625,-0.9243092519999999
15.63,-0.9766286454399999
15.635,-0.8894296575199999
15.64,-0.6932319407199999
15.645,-0.42727503152
15.65,-0.18747781904
15.655,-0.16567807464
15.66,-0.38367553928
15.665,-0.67143219288
15.67,-0.81967046856
15.675,-0.73683143296
15.68,-0.52755386608
15.685,-0.4011153348
15.69,-0.45343472824
15.695,-0.51447401944
15.7,-0.33135614584
15.705,0.09591888568
15.71,0.58423320496
15.715,0.8894296575199999
15.72,0.8763498108799999
15.725,0.66271229512
15.73,0.5188339683199999
15.735,0.52755386608
15.74,0.45779467712
15.745,0.16131812576
15.75,-0.19619772024
15.755,-0.3487959448
15.76,-0.27031685808
15.765,-0.10463878344
15.77,0.03487959448
15.775,0.11771863008
15.78,0.09591888568
15.785,-0.13079848016
15.79,-0.5188339683199999
15.795,-0.7542712284799999
15.8,-0.59295310616
15.805,-0.18311787016
15.81,0.1133586812
15.815,0.26595690576
15.82,0.55807351168
15.825,1.05946768104
15.83,1.4169835236
15.835,1.26002535016
15.84,0.6583523462400001
15.845,0.10463878344
15.85,0.10899873232
15.855,0.64091254728
15.86,1.03330798432
15.865,0.91558935424
15.87,0.5755133071999999
15.875,0.41855513376
15.88,0.43599492928
15.885,0.30083650024
15.89,-0.14823827568
15.895,-0.74555133072
15.9,-1.13358681888
15.905,-1.10742712216
15.91,-0.8807097597600001
15.915,-0.7193916340000001
15.92,-0.5755133071999999
15.925,-0.24851711024
15.93,0.30083650024
15.935,0.77607097632
15.94,0.8240304174400001
15.945,0.36187579144
15.95,-0.32699619696
15.955,-0.8589100119199999
15.96,-1.0071482876
15.965,-0.8109505708
15.97,-0.5231939172
15.975,-0.3182762992
15.98,-0.1133586812
15.985,0.21363751576
15.99,0.57987325608
15.995,0.7673510785600001
16,0.667072244
16.005,0.44907477936
16.01,0.38367553928
16.015,0.44907477936
16.02,0.34443599592
16.025,-0.0305196456
16.03,-0.32263624808
16.035,-0.28339670472
16.04,-0.07847908671999999
16.045,-0.04359949224
16.05,-0.3182762992
16.055,-0.77171102744
16.06,-1.14230671664
16.065,-1.26438529904
16.07,-1.18590620888
16.075,-1.09434727552
16.08,-1.0376679332
16.085,-0.9548288975999999
16.09,-0.7891508229599999
16.095,-0.51447401944
16.1,-0.06539924008
16.105,0.54935361048
16.11,1.0987072244
16.115,1.45622306696
16.12,1.59574144488
16.125,1.51726235816
16.13,1.28182509456
16.135,0.9243092519999999
16.14,0.3705956892
16.145,-0.33571609472
16.15,-0.8109505708
16.155,-0.68015209064
16.16,-0.204917618
16.165,0.08719898448000001
16.17,0.02179974784
16.175,-0.13951837792
16.18,-0.19183776792
16.185,-0.27467680696
16.19,-0.49703422048
16.195,-0.53191381496
16.2,0.00435994888
16.205,0.85455006304
16.21,1.43006337024
16.215,1.33850443688
16.22,0.61039290168
16.225,-0.28339670472
16.23,-0.73683143296
16.235,-0.42291508264
16.24,0.20927756688
16.245,0.5885931572799999
16.25,0.57987325608
16.255,0.36623574032
16.26,0.18747781904
16.265,0.13515842904
16.27,0.09155893679999999
16.275,-0.12643853128
16.28,-0.49703422048
16.285,-0.8240304174400001
16.29,-0.91558935424
16.295,-0.83711026752
16.3,-0.8240304174400001
16.305,-0.98970849208
16.31,-1.1597465156
16.315,-1.10306717328
16.32,-0.81531051968
16.325,-0.57987325608
16.33,-0.59731305504
16.335,-0.82839036632
16.34,-1.02022813768
16.345,-0.8676299096800001
16.35,-0.2267173624
16.355,0.73247148408
16.36,1.43878327144
16.365,1.5608618504
16.37,1.2425855512
16.375,0.8632699608
16.38,0.74119138184
16.385,0.84583016528
16.39,0.9722686931199999
16.395,0.9548288975999999
16.4,0.71067173624
16.405,0.24851711024
16.41,-0.38803548816
16.415,-1.05510773216
16.42,-1.4998225592
16.425,-1.4693029136
16.43,-0.8763498108799999
16.435,0.0305196456
16.44,0.6757921417599999
16.445,0.77607097632
16.45,0.7193916340000001
16.455,0.90250950416
16.46,1.22950570456
16.465,1.44314322032
16.47,1.38210392912
16.475,1.02894803544
16.48,0.5231939172
16.485,0.1438783268
16.49,0.02615969672
16.495,0.10899873232
16.5,0.24415716136
16.505,0.20055766912
16.51,-0.18311787016
16.515,-0.77171102744
16.52,-1.1902661612
16.525,-1.1597465156
16.53,-0.8109505708
16.535,-0.39675538592
16.54,-0.02615969672
16.545,0.23979721248
16.55,0.32263624808
16.555,0.16567807464
16.56,-0.16567807464
16.565,-0.44471483048
16.57,-0.42727503152
16.575,-0.19619772024
16.58,-0.06539924008
16.585,-0.1438783268
16.59,-0.23979721248
16.595,-0.13951837792
16.6,0.05231939
16.605,-0.0828390356
16.61,-0.58423320496
16.615,-0.81967046856
16.62,-0.40547528368
16.625,0.19619772024
16.63,0.23979721248
16.635,-0.4011153348
16.64,-1.20770595672
16.645,-1.60882129152
16.65,-1.41262357472
16.655,-0.90250950416
16.66,-0.44035487816
16.665,-0.19183776792
16.67,-0.0305196456
16.675,0.29211660248
16.68,0.83711026752
16.685,1.39082382688
16.69,1.62626109048
16.695,1.39082382688
16.7,0.91558935424
16.705,0.58423320496
16.71,0.47959442496
16.715,0.30955640144
16.72,-0.16131812576
16.725,-0.7281115352
16.73,-0.9243092519999999
16.735,-0.52755386608
16.74,0.04359949224
16.745,0.41855513376
16.75,0.68015209064
16.755,0.95918884648
16.76,1.09434727552
16.765,0.8676299096800001
16.77,0.28339670472
16.775,-0.33571609472
16.78,-0.56243346056
16.785,-0.34443599592
16.79,0.07411913784
16.795,0.31391635032
16.8,0.07847908671999999
16.805,-0.53627376384
16.81,-0.9199493031199999
16.815,-0.5755133071999999
16.82,0.18311787016
16.825,0.6496324450400001
16.83,0.6060329528
16.835,0.32263624808
16.84,0.09591888568
16.845,0.07411913784
16.85,0.24851711024
16.855,0.5449936616
16.86,0.79787072072
16.865,0.82839036632
16.87,0.48831432272
16.875,-0.1133586812
16.88,-0.5885931572799999
16.885,-0.74555133072
16.89,-0.82839036632
16.895,-1.05510773216
16.9,-1.18154626
16.905,-0.75863117736
16.91,0.09591888568
16.915,0.74555133072
16.92,0.8414702164
16.925,0.6191127994400001
16.93,0.44035487816
16.935,0.30519645256
16.94,-0.02179974784
16.945,-0.5013941693599999
16.95,-0.8719898619999999
16.955,-1.0987072244
16.96,-1.26874524792
16.965,-1.2731051968
16.97,-0.92866920088
16.975,-0.37495564152
16.98,0
16.985,0.04795944112
16.99,0.15259822456
16.995,0.5885931572799999
17,1.12050697224
17.005,1.32978453568
17.01,1.08126742544
17.015,0.60167300392
17.02,0.16131812576
17.025,-0.18747781904
17.03,-0.47959442496
17.035,-0.6757921417599999
17.04,-0.5885931572799999
17.045,-0.16567807464
17.05,0.32263624808
17.055,0.48395437384
17.06,0.204917618
17.065,-0.19619772024
17.07,-0.35751584256
17.075,-0.30083650024
17.08,-0.204917618
17.085,-0.04359949224
17.09,0.28339670472
17.095,0.6365525984
17.1,0.6496324450400001
17.105,0.13515842904
17.11,-0.5188339683199999
17.115,-0.81967046856
17.12,-0.73247148408
17.125,-0.5013941693599999
17.13,-0.27903675584
17.135,-0.03487959448
17.14,0.204917618
17.145,0.23979721248
17.15,-0.008719897759999999
17.155,-0.19619772024
17.16,-0.09591888568
17.165,0.07847908671999999
17.17,0.01743979552
17.175,-0.20927756688
17.18,-0.24415716136
17.185,0.10463878344
17.19,0.49703422048
17.195,0.47523447264
17.2,0.10899873232
17.205,-0.1133586812
17.21,0.06539924008
17.215,0.43599492928
17.22,0.63219264952
17.225,0.5537135628000001
17.23,0.45343472824
17.235,0.6191127994400001
17.24,0.92866920088
17.245,0.99406844096
17.25,0.59731305504
17.255,-0.04359949224
17.26,-0.47959442496
17.265,-0.5057541182400001
17.27,-0.24851711024
17.275,-0.008719897759999999
17.28,-0.06975918896
17.285,-0.33571609472
17.29,-0.5013941693599999
17.295,-0.5188339683199999
17.3,-0.6060329528
17.305,-0.8676299096800001
17.31,-1.05074778328
17.315,-0.84583016528
17.32,-0.33135614584
17.325,0.15695817344
17.33,0.44471483048
17.335,0.60167300392
17.34,0.63219264952
17.345,0.47959442496
17.35,0.1743979724
17.355,-0.10899873232
17.36,-0.17003802352
17.365,-0.05667934232000001
17.37,0.03923954336
17.375,0.00435994888
17.38,-0.11771863008
17.385,-0.18311787016
17.39,-0.13951837792
17.395,-0.12207857896
17.4,-0.257237008
17.405,-0.47959442496
17.41,-0.6757921417599999
17.415,-0.82839036632
17.42,-0.9068694564800001
17.425,-0.82839036632
17.43,-0.5537135628000001
17.435,-0.11771863008
17.44,0.29647655136
17.445,0.4316349804
17.45,0.2354372636
17.455,-0.10463878344
17.46,-0.41855513376
17.465,-0.60167300392
17.47,-0.6191127994400001
17.475,-0.55807351168
17.48,-0.53627376384
17.485,-0.462154626
17.49,-0.12207857896
17.495,0.48831432272
17.5,1.10306717328
17.505,1.42570342136
17.51,1.38210392912
17.515,1.0681875788
17.52,0.67143219288
17.525,0.39675538592
17.53,0.2877566536
17.535,0.11771863008
17.54,-0.23979721248
17.545,-0.52755386608
17.55,-0.45779467712
17.555,-0.13515842904
17.56,-0.02179974784
17.565,-0.31391635032
17.57,-0.6888719884
17.575,-0.8240304174400001
17.58,-0.79787072072
17.585,-0.7542712284799999
17.59,-0.5406337127199999
17.595,0.008719897759999999
17.6,0.7150316851199999
17.605,1.17282636224
17.61,1.18590620888
17.615,1.08126742544
17.62,1.08998732664
17.625,0.9984283898399999
17.63,0.5755133071999999
17.635,0.008719897759999999
17.64,-0.34007604704
17.645,-0.29211660248
17.65,-0.008719897759999999
17.655,0.18311787016
17.66,0.21799746464
17.665,0.2354372636
17.67,0.32699619696
17.675,0.5406337127199999
17.68,0.79787072072
17.685,0.8240304174400001
17.69,0.43599492928
17.695,0
17.7,-0.02615969672
17.705,0.21799746464
17.71,0.30955640144
17.715,0.20927756688
17.72,0.22235741352
17.725,0.35315589368
17.73,0.26595690576
17.735,-0.15259822456
17.74,-0.56679340944
17.745,-0.73683143296
17.75,-0.70631178736
17.755,-0.56243346056
17.76,-0.4011153348
17.765,-0.3182762992
17.77,-0.33571609472
17.775,-0.32699619696
17.78,-0.16567807464
17.785,0.04359949224
17.79,0.12643853128
17.795,0.12207857896
17.8,0.1438783268
17.805,0.13951837792
17.81,-0.02615969672
17.815,-0.23979721248
17.82,-0.24415716136
17.825,-0.09591888568
17.83,-0.06539924008
17.835,-0.18747781904
17.84,-0.24415716136
17.845,-0.13951837792
17.85,-0.06539924008
17.855,-0.18747781904
17.86,-0.39675538592
17.865,-0.5406337127199999
17.87,-0.6234727517599999
17.875,-0.65399239392
17.88,-0.5537135628000001
17.885,-0.30083650024
17.89,-0.02615969672
17.895,0.1743979724
17.9,0.3487959448
17.905,0.55807351168
17.91,0.6845120395199999
17.915,0.47959442496
17.92,-0.10463878344
17.925,-0.7891508229599999
17.93,-1.16846641336
17.935,-0.99406844096
17.94,-0.42727503152
17.945,0.0610392912
17.95,0.20055766912
17.955,0.16567807464
17.96,0.17003802352
17.965,0.21363751576
17.97,0.21363751576
17.975,0.204917618
17.98,0.27467680696
17.985,0.38367553928
17.99,0.35751584256
17.995,0.0828390356
18,-0.37495564152
18.005,-0.74119138184
18.01,-0.74119138184
18.015,-0.34443599592
18.02,0.18311787016
18.025,0.46651457488
18.03,0.41855513376
18.035,0.30519645256
18.04,0.2267173624
18.045,0.02615969672
18.05,-0.33135614584
18.055,-0.5885931572799999
18.06,-0.51011406712
18.065,-0.13951837792
18.07,0.27467680696
18.075,0.56679340944
18.08,0.71067173624
18.085,0.6888719884
18.09,0.46651457488
18.095,0.10463878344
18.1,-0.257237008
18.105,-0.5231939172
18.11,-0.56679340944
18.115,-0.3705956892
18.12,-0.0610392912
18.125,0.09155893679999999
18.13,-0.05231939
18.135,-0.23107731472
18.14,-0.16131812576
18.145,0.03487959448
18.15,0.0305196456
18.155,-0.22235741352
18.16,-0.45343472824
18.165,-0.5057541182400001
18.17,-0.47959442496
18.175,-0.47523447264
18.18,-0.42291508264
18.185,-0.257237008
18.19,-0.04795944112
18.195,0.13951837792
18.2,0.30083650024
18.205,0.36187579144
18.21,0.25287705912
18.215,0.14823827568
18.22,0.2877566536
18.225,0.54935361048
18.23,0.57987325608
18.235,0.36187579144
18.24,0.25287705912
18.245,0.3705956892
18.25,0.43599492928
18.255,0.2267173624
18.26,-0.05231939
18.265,-0.0610392912
18.27,0.204917618
18.275,0.47959442496
18.28,0.54935361048
18.285,0.4708745237599999
18.29,0.35751584256
18.295,0.23979721248
18.3,0.10463878344
18.305,-0.06975918896
18.31,-0.27467680696
18.315,-0.39675538592
18.32,-0.31391635032
18.325,-0.12207857896
18.33,-0.04795944112
18.335,-0.17003802352
18.34,-0.29211660248
18.345,-0.204917618
18.35,0.03923954336
18.355,0.204917618
18.36,0.21799746464
18.365,0.29211660248
18.37,0.5013941693599999
18.375,0.55807351168
18.38,0.20055766912
18.385,-0.3182762992
18.39,-0.5406337127199999
18.395,-0.31391635032
18.4,0.05231939
18.405,0.18311787016
18.41,0.204917618
18.415,0.3705956892
18.42,0.5885931572799999
18.425,0.63219264952
18.43,0.45779467712
18.435,0.13951837792
18.44,-0.25287705912
18.445,-0.61039290168
18.45,-0.79787072072
18.455,-0.7804309252
18.46,-0.61039290168
18.465,-0.3705956892
18.47,-0.1743979724
18.475,-0.04795944112
18.48,0.06975918896
18.485,0.19183776792
18.49,0.23107731472
18.495,0.08719898448000001
18.5,-0.2267173624
18.505,-0.58423320496
18.51,-0.8240304174400001
18.515,-0.8763498108799999
18.52,-0.72375158288
18.525,-0.47523447264
18.53,-0.36623574032
18.535,-0.4316349804
18.54,-0.45343472824
18.545,-0.28339670472
18.55,-0.01307984664
18.555,0.14823827568
18.56,0.10899873232
18.565,-0.02179974784
18.57,-0.02615969672
18.575,0.19183776792
18.58,0.51447401944
18.585,0.77607097632
18.59,0.8719898619999999
18.595,0.77607097632
18.6,0.56243346056
18.605,0.34007604704
18.61,0.16567807464
18.615,-0.05231939
18.62,-0.36623574032
18.625,-0.6496324450400001
18.63,-0.70195183848
18.635,-0.45779467712
18.64,-0.09155893679999999
18.645,0.18311787016
18.65,0.27031685808
18.655,0.21799746464
18.66,0.09591888568
18.665,-0.07847908671999999
18.67,-0.204917618
18.675,-0.14823827568
18.68,0.1133586812
18.685,0.44035487816
18.69,0.6757921417599999
18.695,0.73247148408
18.7,0.6496324450400001
18.705,0.45343472824
18.71,0.13951837792
18.715,-0.27031685808
18.72,-0.65399239392
18.725,-0.7804309252
18.73,-0.46651457488
18.735,0.13515842904
18.74,0.57115335832
18.745,0.5406337127199999
18.75,0.10027883456
18.755,-0.409835236
18.76,-0.6191127994400001
18.765,-0.44907477936
18.77,-0.20055766912
18.775,-0.21799746464
18.78,-0.44907477936
18.785,-0.6060329528
18.79,-0.57115335832
18.795,-0.5013941693599999
18.8,-0.56243346056
18.805,-0.72375158288
18.81,-0.80659062192
18.815,-0.6583523462400001
18.82,-0.2267173624
18.825,0.39239543704
18.83,0.9068694564800001
18.835,1.05946768104
18.84,0.90250950416
18.845,0.77171102744
18.85,0.85019011416
18.855,0.88506970864
18.86,0.6191127994400001
18.865,0.29647655136
18.87,0.22235741352
18.875,0.24851711024
18.88,0.08719898448000001
18.885,-0.20055766912
18.89,-0.35751584256
18.895,-0.26159695688
18.9,-0.05667934232000001
18.905,0.01307984664
18.91,-0.05231939
18.915,-0.0828390356
18.92,0.07847908671999999
18.925,0.41419518488
18.93,0.70195183848
18.935,0.6583523462400001
18.94,0.30955640144
18.945,0.03923954336
18.95,0.0610392912
18.955,0.16131812576
18.96,0.08719898448000001
18.965,-0.1438783268
18.97,-0.34007604704
18.975,-0.43599492928
18.98,-0.47959442496
18.985,-0.44035487816
18.99,-0.22235741352
18.995,0.15695817344
19,0.51011406712
19.005,0.6845120395199999
19.01,0.7150316851199999
19.015,0.67143219288
19.02,0.56679340944
19.025,0.47523447264
19.03,0.462154626
19.035,0.40547528368
19.04,0.12643853128
19.045,-0.26595690576
19.05,-0.5231939172
19.055,-0.5449936616
19.06,-0.43599492928
19.065,-0.32699619696
19.07,-0.32263624808
19.075,-0.42727503152
19.08,-0.52755386608
19.085,-0.4926742716
19.09,-0.27903675584
19.095,0.0305196456
19.1,0.31391635032
19.105,0.47959442496
19.11,0.44035487816
19.115,0.21363751576
19.12,-0.07847908671999999
19.125,-0.257237008
19.13,-0.1743979724
19.135,0.10027883456
19.14,0.35315589368
19.145,0.43599492928
19.15,0.36623574032
19.155,0.24851711024
19.16,0.06539924008
19.165,-0.23979721248
19.17,-0.53191381496
19.175,-0.59731305504
19.18,-0.37495564152
19.185,0.01307984664
19.19,0.35315589368
19.195,0.52755386608
19.2,0.6496324450400001
19.205,0.83711026752
19.21,0.94610899984
19.215,0.6757921417599999
19.22,-0.01307984664
19.225,-0.7629911296799999
19.23,-1.16846641336
19.235,-1.05946768104
19.24,-0.67143219288
19.245,-0.26159695688
19.25,0.02615969672
19.255,0.10463878344
19.26,0.06975918896
19.265,0.10899873232
19.27,0.23107731472
19.275,0.204917618
19.28,-0.12207857896
19.285,-0.5188339683199999
19.29,-0.62783270064
19.295,-0.38367553928
19.3,-0.00435994888
19.305,0.25287705912
19.31,0.29647655136
19.315,0.2267173624
19.32,0.1133586812
19.325,-0.06975918896
19.33,-0.34007604704
19.335,-0.55807351168
19.34,-0.55807351168
19.345,-0.33135614584
19.35,-0.0610392912
19.355,0.13079848016
19.36,0.32263624808
19.365,0.58423320496
19.37,0.7891508229599999
19.375,0.77607097632
19.38,0.6234727517599999
19.385,0.5537135628000001
19.39,0.61475285056
19.395,0.6234727517599999
19.4,0.4316349804
19.405,0.15695817344
19.41,-0.09155893679999999
19.415,-0.33135614584
19.42,-0.5406337127199999
19.425,-0.6452724961599999
19.43,-0.5885931572799999
19.435,-0.409835236
19.44,-0.16131812576
19.445,0.10027883456
19.45,0.2877566536
19.455,0.33571609472
19.46,0.24851711024
19.465,0.0610392912
19.47,-0.19619772024
19.475,-0.409835236
19.48,-0.39675538592
19.485,-0.10899873232
19.49,0.19619772024
19.495,0.24851711024
19.5,0.02179974784
19.505,-0.257237008
19.51,-0.38367553928
19.515,-0.41855513376
19.52,-0.56679340944
19.525,-0.80223067304
19.53,-0.8894296575199999
19.535,-0.77607097632
19.54,-0.51447401944
19.545,-0.10899873232
19.55,0.409835236
19.555,0.83711026752
19.56,0.8937896063999999
19.565,0.52755386608
19.57,0.0610392912
19.575,-0.1438783268
19.58,-0.06539924008
19.585,0.11771863008
19.59,0.30955640144
19.595,0.4926742716
19.6,0.63219264952
19.605,0.7150316851199999
19.61,0.77171102744
19.615,0.7804309252
19.62,0.62783270064
19.625,0.27031685808
19.63,-0.22235741352
19.635,-0.6932319407199999
19.64,-0.98098859432
19.645,-0.9766286454399999
19.65,-0.73683143296
19.655,-0.48831432272
19.66,-0.30955640144
19.665,-0.07847908671999999
19.67,0.26159695688
19.675,0.61475285056
19.68,0.85455006304
19.685,1.00278833872
19.69,1.0987072244
19.695,0.9853485432000001
19.7,0.5755133071999999
19.705,0.1743979724
19.71,0.09591888568
19.715,0.21363751576
19.72,0.13951837792
19.725,-0.3182762992
19.73,-0.95046894872
19.735,-1.39518377576
19.74,-1.57830164936
19.745,-1.57830164936
19.75,-1.37774398024
19.755,-0.9853485432000001
19.76,-0.49703422048
19.765,0.0305196456
19.77,0.6452724961599999
19.775,1.26874524792
19.78,1.58266159824
19.785,1.47366286592
19.79,1.11178707104
19.795,0.72375158288
19.8,0.35751584256
19.805,-0.0610392912
19.81,-0.54935361048
19.815,-0.99406844096
19.82,-1.20334600784
19.825,-1.1510266144
19.83,-0.9766286454399999
19.835,-0.79351077184
19.84,-0.59731305504
19.845,-0.34007604704
19.85,-0.05231939
19.855,0.17003802352
19.86,0.2354372636
19.865,0.2354372636
19.87,0.29647655136
19.875,0.42291508264
19.88,0.5537135628000001
19.885,0.61039290168
19.89,0.58423320496
19.895,0.45779467712
19.9,0.19619772024
19.905,-0.1133586812
19.91,-0.3182762992
19.915,-0.32699619696
19.92,-0.17003802352
19.925,0.05231939
19.93,0.19183776792
19.935,0.08719898448000001
19.94,-0.23107731472
19.945,-0.48831432272
19.95,-0.47523447264
19.955,-0.30083650024
19.96,-0.1133586812
19.965,0.09591888568
19.97,0.38367553928
19.975,0.6975918896000001
19.98,0.9199493031199999
19.985,0.9853485432000001
19.99,0.94610899984
19.995,0.7629911296799999
20,0.36623574032
20.005,-0.12207857896
20.01,-0.44035487816
20.015,-0.48395437384
20.02,-0.40547528368
20.025,-0.44907477936
20.03,-0.66271229512
20.035,-0.85019011416
20.04,-0.81531051968
20.045,-0.56243346056
20.05,-0.25287705912
20.055,-0.0305196456
20.06,0.03923954336
20.065,0.03923954336
20.07,0.15695817344
20.075,0.45779467712
20.08,0.7673510785600001
20.085,0.8981495552800001
20.09,0.83711026752
20.095,0.65399239392
20.1,0.37495564152
20.105,0.01307984664
20.11,-0.27467680696
20.115,-0.34443599592
20.12,-0.19619772024
20.125,0.01307984664
20.13,0.06975918896
20.135,-0.06975918896
20.14,-0.26159695688
20.145,-0.42727503152
20.15,-0.61475285056
20.155,-0.79351077184
20.16,-0.82839036632
20.165,-0.6191127994400001
20.17,-0.25287705912
20.175,0.09155893679999999
20.18,0.24851711024
20.185,0.15259822456
20.19,-0.04795944112
20.195,-0.0828390356
20.2,0.17875792128
20.205,0.58423320496
20.21,0.8632699608
20.215,0.84583016528
20.22,0.57987325608
20.225,0.27903675584
20.23,0.09591888568
20.235,0.06975918896
20.24,0.16567807464
20.245,0.31391635032
20.25,0.39239543704
20.255,0.2354372636
20.26,-0.13079848016
20.265,-0.52755386608
20.27,-0.79787072072
20.275,-0.8240304174400001
20.28,-0.53191381496
20.285,-0.008719897759999999
20.29,0.44471483048
20.295,0.4926742716
20.3,0.1133586812
20.305,-0.34007604704
20.31,-0.5057541182400001
20.315,-0.35751584256
20.32,-0.13079848016
20.325,0.01743979552
20.33,0.09155893679999999
20.335,0.1438783268
20.34,0.1743979724
20.345,0.22235741352
20.35,0.40547528368
20.355,0.7281115352
20.36,0.9548288975999999
20.365,0.9112294053600001
20.37,0.65399239392
20.375,0.41419518488
20.38,0.33135614584
20.385,0.2877566536
20.39,0.07411913784
20.395,-0.33135614584
20.4,-0.7150316851199999
20.405,-0.81967046856
20.41,-0.70631178736
20.415,-0.6365525984
20.42,-0.71067173624
20.425,-0.79787072072
20.43,-0.65399239392
20.435,-0.20055766912
20.44,0.2877566536
20.445,0.4316349804
20.45,0.2354372636
20.455,0.0610392912
20.46,0.09155893679999999
20.465,0.19183776792
20.47,0.204917618
20.475,0.12207857896
20.48,0.01307984664
20.485,-0.06975918896
20.49,-0.14823827568
20.495,-0.20055766912
20.5,-0.14823827568
20.505,0.03923954336
20.51,0.26595690576
20.515,0.44471483048
20.52,0.56679340944
20.525,0.61039290168
20.53,0.47523447264
20.535,0.16131812576
20.54,-0.13951837792
20.545,-0.27031685808
20.55,-0.3182762992
20.555,-0.4316349804
20.56,-0.58423320496
20.565,-0.6234727517599999
20.57,-0.57987325608
20.575,-0.63219264952
20.58,-0.70631178736
20.585,-0.5231939172
20.59,-0.00435994888
20.595,0.53627376384
20.6,0.74119138184
20.605,0.6060329528
20.61,0.35315589368
20.615,0.07411913784
20.62,-0.24851711024
20.625,-0.5057541182400001
20.63,-0.54935361048
20.635,-0.42291508264
20.64,-0.31391635032
20.645,-0.2267173624
20.65,0.04359949224
20.655,0.5755133071999999
20.66,1.08998732664
20.665,1.22514575568
20.67,1.00278833872
20.675,0.65399239392
20.68,0.22235741352
20.685,-0.30519645256
20.69,-0.6845120395199999
20.695,-0.61475285056
20.7,-0.24415716136
20.705,0.01743979552
20.71,0.02179974784
20.715,-0.11771863008
20.72,-0.257237008
20.725,-0.36187579144
20.73,-0.45779467712
20.735,-0.56243346056
20.74,-0.60167300392
20.745,-0.49703422048
20.75,-0.2267173624
20.755,0.07847908671999999
20.76,0.16131812576
20.765,-0.09155893679999999
20.77,-0.44035487816
20.775,-0.5013941693599999
20.78,-0.2267173624
20.785,0.06539924008
20.79,0.12643853128
20.795,0.02615969672
20.8,-0.008719897759999999
20.805,0.11771863008
20.81,0.25287705912
20.815,0.20927756688
20.82,0.06975918896
20.825,0.09155893679999999
20.83,0.33571609472
20.835,0.62783270064
20.84,0.78479087408
20.845,0.7891508229599999
20.85,0.6757921417599999
20.855,0.44471483048
20.86,0.1743979724
20.865,0.02615969672
20.87,0.03487959448
20.875,0.05231939
20.88,-0.1133586812
20.885,-0.41419518488
20.89,-0.6583523462400001
20.895,-0.64091254728
20.9,-0.34007604704
20.905,-0.03923954336
20.91,0.07411913784
20.915,0.06539924008
20.92,0.08719898448000001
20.925,0.10899873232
20.93,-0.04795944112
20.935,-0.45343472824
20.94,-0.8937896063999999
20.945,-1.03330798432
20.95,-0.81967046856
20.955,-0.4316349804
20.96,0.01743979552
20.965,0.40547528368
20.97,0.61475285056
20.975,0.67143219288
20.98,0.6888719884
20.985,0.67143219288
20.99,0.47523447264
20.995,0
21,-0.56243346056
21.005,-0.78479087408
21.01,-0.44035487816
21.015,0.27903675584
21.02,0.82839036632
21.025,0.71067173624
21.03,0.0828390356
21.035,-0.44471483048
21.04,-0.462154626
21.045,-0.1743979724
21.05,0
21.055,-0.14823827568
21.06,-0.45779467712
21.065,-0.5885931572799999
21.07,-0.41419518488
21.075,-0.1743979724
21.08,-0.10027883456
21.085,-0.12207857896
21.09,0.05667934232000001
21.095,0.59731305504
21.1,1.25130544896
21.105,1.52598225592
21.11,1.16846641336
21.115,0.61039290168
21.12,0.26159695688
21.125,0.09155893679999999
21.13,-0.13951837792
21.135,-0.46651457488
21.14,-0.74555133072
21.145,-0.8676299096800001
21.15,-0.83711026752
21.155,-0.6932319407199999
21.16,-0.4708745237599999
21.165,-0.24851711024
21.17,-0.03487959448
21.175,0.2354372636
21.18,0.5013941693599999
21.185,0.5188339683199999
21.19,0.19183776792
21.195,-0.19183776792
21.2,-0.29211660248
21.205,-0.11771863008
21.21,0.16131812576
21.215,0.46651457488
21.22,0.7499112796
21.225,0.90250950416
21.23,0.84583016528
21.235,0.57987325608
21.24,0.23107731472
21.245,-0.0610392912
21.25,-0.21363751576
21.255,-0.23979721248
21.26,-0.22235741352
21.265,-0.21363751576
21.27,-0.204917618
21.275,-0.13951837792
21.28,-0.03923954336
21.285,0.008719897759999999
21.29,-0.03487959448
21.295,-0.06539924008
21.3,-0.01307984664
21.305,0.00435994888
21.31,-0.11771863008
21.315,-0.2354372636
21.32,-0.12643853128
21.325,0.13951837792
21.33,0.29647655136
21.335,0.22235741352
21.34,0.05667934232000001
21.345,-0.0305196456
21.35,-0.04359949224
21.355,-0.07847908671999999
21.36,-0.13515842904
21.365,-0.07411913784
21.37,0.13515842904
21.375,0.33135614584
21.38,0.35751584256
21.385,0.26595690576
21.39,0.18747781904
21.395,0.14823827568
21.4,0.05231939
21.405,-0.13951837792
21.41,-0.32699619696
21.415,-0.3793155904
21.42,-0.28339670472
21.425,-0.17875792128
21.43,-0.15695817344
21.435,-0.204917618
21.44,-0.21799746464
21.445,-0.13079848016
21.45,0.01743979552
21.455,0.15259822456
21.46,0.2267173624
21.465,0.19183776792
21.47,0.0610392912
21.475,-0.06539924008
21.48,-0.09155893679999999
21.485,-0.02179974784
21.49,0.04795944112
21.495,0.09155893679999999
21.5,0.10027883456
21.505,0.02615969672
21.51,-0.12643853128
21.515,-0.29647655136
21.52,-0.38367553928
21.525,-0.31391635032
21.53,-0.09591888568
21.535,0.14823827568
21.54,0.257237008
21.545,0.23107731472
21.55,0.17003802352
21.555,0.10027883456
21.56,-0.04795944112
21.565,-0.23107731472
21.57,-0.2267173624
21.575,0.03923954336
21.58,0.32699619696
21.585,0.42291508264
21.59,0.33571609472
21.595,0.16131812576
21.6,-0.03487959448
21.605,-0.2354372636
21.61,-0.39239543704
21.615,-0.43599492928
21.62,-0.34443599592
21.625,-0.18747781904
21.63,-0.13951837792
21.635,-0.28339670472
21.64,-0.4926742716
21.645,-0.5406337127199999
21.65,-0.33135614584
21.655,-0.01307984664
21.66,0.2267173624
21.665,0.29647655136
21.67,0.2354372636
21.675,0.16131812576
21.68,0.17003802352
21.685,0.22235741352
21.69,0.16567807464
21.695,-0.05667934232000001
21.7,-0.27903675584
21.705,-0.35315589368
21.71,-0.34007604704
21.715,-0.3487959448
21.72,-0.40547528368
21.725,-0.4011153348
21.73,-0.24851711024
21.735,-0.01307984664
21.74,0.13951837792
21.745,0.17875792128
21.75,0.21363751576
21.755,0.30519645256
21.76,0.4011153348
21.765,0.42291508264
21.77,0.35315589368
21.775,0.2267173624
21.78,0.1438783268
21.785,0.15259822456
21.79,0.18747781904
21.795,0.15259822456
21.8,0.01743979552
21.805,-0.13951837792
21.81,-0.20055766912
21.815,-0.14823827568
21.82,-0.13079848016
21.825,-0.23979721248
21.83,-0.32699619696
21.835,-0.16567807464
21.84,0.24851711024
21.845,0.6583523462400001
21.85,0.7891508229599999
21.855,0.61039290168
21.86,0.30519645256
21.865,0.00435994888
21.87,-0.29211660248
21.875,-0.5231939172
21.88,-0.57987325608
21.885,-0.4926742716
21.89,-0.40547528368
21.895,-0.39239543704
21.9,-0.41419518488
21.905,-0.32699619696
21.91,-0.07847908671999999
21.915,0.21799746464
21.92,0.3705956892
21.925,0.30083650024
21.93,0.11771863008
21.935,0
21.94,0.04359949224
21.945,0.18311787016
21.95,0.29211660248
21.955,0.29211660248
21.96,0.19619772024
21.965,0.04795944112
21.97,-0.05667934232000001
21.975,-0.0305196456
21.98,0.11771863008
21.985,0.27467680696
21.99,0.3487959448
21.995,0.36187579144
22,0.33571609472
22.005,0.26595690576
22.01,0.1133586812
22.015,-0.08719898448000001
22.02,-0.21363751576
22.025,-0.19183776792
22.03,-0.10899873232
22.035,-0.0610392912
22.04,-0.04795944112
22.045,-0.008719897759999999
22.05,0.02615969672
22.055,-0.02179974784
22.06,-0.17875792128
22.065,-0.3705956892
22.07,-0.5013941693599999
22.075,-0.51011406712
22.08,-0.35751584256
22.085,-0.0305196456
22.09,0.34007604704
22.095,0.52755386608
22.1,0.4926742716
22.105,0.41419518488
22.11,0.42291508264
22.115,0.40547528368
22.12,0.204917618
22.125,-0.10899873232
22.13,-0.32699619696
22.135,-0.33571609472
22.14,-0.21799746464
22.145,-0.09155893679999999
22.15,0.0305196456
22.155,0.17003802352
22.16,0.27903675584
22.165,0.257237008
22.17,0.07411913784
22.175,-0.17003802352
22.18,-0.35751584256
22.185,-0.41419518488
22.19,-0.32699619696
22.195,-0.16567807464
22.2,-0.05231939
22.205,-0.09155893679999999
22.21,-0.23979721248
22.215,-0.28339670472
22.22,-0.09155893679999999
22.225,0.21799746464
22.23,0.45343472824
22.235,0.5755133071999999
22.24,0.67143219288
22.245,0.7542712284799999
22.25,0.7193916340000001
22.255,0.52755386608
22.26,0.26159695688
22.265,-0.0305196456
22.27,-0.33571609472
22.275,-0.5755133071999999
22.28,-0.6496324450400001
22.285,-0.60167300392
22.29,-0.52755386608
22.295,-0.4316349804
22.3,-0.29647655136
22.305,-0.1438783268
22.31,-0.00435994888
22.315,0.1133586812
22.32,0.19183776792
22.325,0.204917618
22.33,0.15695817344
22.335,0.0828390356
22.34,0.05667934232000001
22.345,0.10463878344
22.35,0.11771863008
22.355,-0.03487959448
22.36,-0.27031685808
22.365,-0.3793155904
22.37,-0.27467680696
22.375,-0.03487959448
22.38,0.16131812576
22.385,0.2354372636
22.39,0.25287705912
22.395,0.29211660248
22.4,0.32699619696
22.405,0.26595690576
22.41,0.16131812576
22.415,0.14823827568
22.42,0.204917618
22.425,0.22235741352
22.43,0.1743979724
22.435,0.13515842904
22.44,0.11771863008
22.445,0.0828390356
22.45,0.008719897759999999
22.455,-0.10027883456
22.46,-0.21799746464
22.465,-0.2877566536
22.47,-0.27031685808
22.475,-0.204917618
22.48,-0.17003802352
22.485,-0.20055766912
22.49,-0.24851711024
22.495,-0.2354372636
22.5,-0.14823827568
22.505,-0.04359949224
22.51,0.008719897759999999
22.515,0.008719897759999999
22.52,0
22.525,0.01743979552
22.53,0.008719897759999999
22.535,-0.07411913784
22.54,-0.17875792128
22.545,-0.19619772024
22.55,-0.07847908671999999
22.555,0.0828390356
22.56,0.13515842904
22.565,0.09591888568
22.57,0.08719898448000001
22.575,0.12207857896
22.58,0.12207857896
22.585,0.05231939
22.59,-0.02179974784
22.595,-0.0305196456
22.6,-0.00435994888
22.605,0.01307984664
22.61,0.01743979552
22.615,0.0305196456
22.62,0.05667934232000001
22.625,0.08719898448000001
22.63,0.12207857896
22.635,0.13515842904
22.64,0.07411913784
22.645,-0.06975918896
22.65,-0.19619772024
22.655,-0.204917618
22.66,-0.11771863008
22.665,-0.03487959448
22.67,-0.00435994888
22.675,-0.04795944112
22.68,-0.14823827568
22.685,-0.23979721248
22.69,-0.23979721248
22.695,-0.10027883456
22.7,0.16567807464
22.705,0.4708745237599999
22.71,0.667072244
22.715,0.61475285056
22.72,0.32263624808
22.725,0
22.73,-0.15695817344
22.735,-0.13079848016
22.74,-0.05667934232000001
22.745,0.02179974784
22.75,0.11771863008
22.755,0.13951837792
22.76,0.02615969672
22.765,-0.17003802352
22.77,-0.33571609472
22.775,-0.3793155904
22.78,-0.257237008
22.785,0.01743979552
22.79,0.30083650024
22.795,0.42727503152
22.8,0.33135614584
22.805,0.12643853128
22.81,-0.008719897759999999
22.815,0.008719897759999999
22.82,0.05231939
22.825,-0.04359949224
22.83,-0.21363751576
22.835,-0.24851711024
22.84,-0.10899873232
22.845,0.03923954336
22.85,0.08719898448000001
22.855,0.12207857896
22.86,0.26595690576
22.865,0.42291508264
22.87,0.43599492928
22.875,0.257237008
22.88,0.02179974784
22.885,-0.10899873232
22.89,-0.14823827568
22.895,-0.18311787016
22.9,-0.23107731472
22.905,-0.20927756688
22.91,-0.11771863008
22.915,0.00435994888
22.92,0.07847908671999999
22.925,0.06539924008
22.93,-0.008719897759999999
22.935,-0.06975918896
22.94,-0.09155893679999999
22.945,-0.12207857896
22.95,-0.15259822456
22.955,-0.10463878344
22.96,0.03923954336
22.965,0.11771863008
22.97,-0.01307984664
22.975,-0.27903675584
22.98,-0.44471483048
22.985,-0.35315589368
22.99,-0.15259822456
22.995,0.00435994888
23,0.10027883456
23.005,0.13515842904
23.01,0.06539924008
23.015,-0.10027883456
23.02,-0.20927756688
23.025,-0.07847908671999999
23.03,0.23979721248
23.035,0.5013941693599999
23.04,0.5013941693599999
23.045,0.257237008
23.05,-0.05231939
23.055,-0.24415716136
23.06,-0.27031685808
23.065,-0.23979721248
23.07,-0.28339670472
23.075,-0.409835236
23.08,-0.4926742716
23.085,-0.409835236
23.09,-0.1438783268
23.095,0.15695817344
23.1,0.33571609472
23.105,0.39675538592
23.11,0.45779467712
23.115,0.5449936616
23.12,0.5231939172
23.125,0.31391635032
23.13,0.04795944112
23.135,-0.07411913784
23.14,-0.05667934232000001
23.145,-0.02179974784
23.15,-0.04795944112
23.155,-0.10463878344
23.16,-0.13079848016
23.165,-0.07847908671999999
23.17,0.03923954336
23.175,0.13951837792
23.18,0.13951837792
23.185,0.00435994888
23.19,-0.20927756688
23.195,-0.3487959448
23.2,-0.32263624808
23.205,-0.22235741352
23.21,-0.1438783268
23.215,-0.0828390356
23.22,-0.00435994888
23.225,0.13515842904
23.23,0.32699619696
23.235,0.462154626
23.24,0.48831432272
23.245,0.44471483048
23.25,0.4011153348
23.255,0.35315589368
23.26,0.27467680696
23.265,0.17875792128
23.27,0.09155893679999999
23.275,0.02615969672
23.28,-0.03487959448
23.285,-0.08719898448000001
23.29,-0.10899873232
23.295,-0.10899873232
23.3,-0.12207857896
23.305,-0.18311787016
23.31,-0.2354372636
23.315,-0.19183776792
23.32,-0.03923954336
23.325,0.12643853128
23.33,0.204917618
23.335,0.19619772024
23.34,0.1438783268
23.345,0.07847908671999999
23.35,-0.02179974784
23.355,-0.16131812576
23.36,-0.25287705912
23.365,-0.21799746464
23.37,-0.09591888568
23.375,-0.01307984664
23.38,-0.01743979552
23.385,-0.04795944112
23.39,-0.06975918896
23.395,-0.09155893679999999
23.4,-0.10027883456
23.405,-0.04359949224
23.41,0.09155893679999999
23.415,0.25287705912
23.42,0.36187579144
23.425,0.34443599592
23.43,0.18747781904
23.435,-0.04359949224
23.44,-0.2267173624
23.445,-0.29647655136
23.45,-0.2877566536
23.455,-0.27031685808
23.46,-0.257237008
23.465,-0.22235741352
23.47,-0.17003802352
23.475,-0.11771863008
23.48,-0.05231939
23.485,0.04359949224
23.49,0.11771863008
23.495,0.1133586812
23.5,0.06975918896
23.505,0.0828390356
23.51,0.17003802352
23.515,0.2354372636
23.52,0.204917618
23.525,0.11771863008
23.53,0.0828390356
23.535,0.09591888568
23.54,0.06975918896
23.545,0.02615969672
23.55,0.04795944112
23.555,0.12643853128
23.56,0.18311787016
23.565,0.17003802352
23.57,0.09155893679999999
23.575,-0.00435994888
23.58,-0.05231939
23.585,-0.02615969672
23.59,-0.04359949224
23.595,-0.19619772024
23.6,-0.37495564152
23.605,-0.41419518488
23.61,-0.3182762992
23.615,-0.21799746464
23.62,-0.16567807464
23.625,-0.12643853128
23.63,-0.05667934232000001
23.635,0.07847908671999999
23.64,0.25287705912
23.645,0.36187579144
23.65,0.30519645256
23.655,0.13515842904
23.66,-0.0305196456
23.665,-0.1438783268
23.67,-0.22235741352
23.675,-0.2354372636
23.68,-0.15259822456
23.685,-0.0305196456
23.69,0.03923954336
23.695,0.07411913784
23.7,0.13079848016
23.705,0.18311787016
23.71,0.13515842904
23.715,0.01307984664
23.72,-0.01743979552
23.725,0.13951837792
23.73,0.35751584256
23.735,0.3705956892
23.74,0.21363751576
23.745,0.06975918896
23.75,-0.06975918896
23.755,-0.2877566536
23.76,-0.5449936616
23.765,-0.68015209064
23.77,-0.59731305504
23.775,-0.3793155904
23.78,-0.17875792128
23.785,-0.02179974784
23.79,0.14823827568
23.795,0.32263624808
23.8,0.46651457488
23.805,0.55807351168
23.81,0.5406337127199999
23.815,0.3487959448
23.82,0.01307984664
23.825,-0.29211660248
23.83,-0.39239543704
23.835,-0.28339670472
23.84,-0.10899873232
23.845,-0.01743979552
23.85,0.0305196456
23.855,0.12207857896
23.86,0.2354372636
23.865,0.29211660248
23.87,0.27903675584
23.875,0.2267173624
23.88,0.16567807464
23.885,0.12207857896
23.89,0.09155893679999999
23.895,0.01743979552
23.9,-0.1743979724
23.905,-0.40547528368
23.91,-0.53627376384
23.915,-0.51447401944
23.92,-0.42291508264
23.925,-0.33135614584
23.93,-0.20055766912
23.935,0.00435994888
23.94,0.23979721248
23.945,0.41855513376
23.95,0.51447401944
23.955,0.5406337127199999
23.96,0.48831432272
23.965,0.35751584256
23.97,0.19619772024
23.975,0.07411913784
23.98,0.008719897759999999
23.985,-0.0610392912
23.99,-0.204917618
23.995,-0.3487959448
24,-0.35751584256
24.005,-0.20927756688
24.01,-0.0610392912
24.015,-0.02615969672
24.02,-0.09155893679999999
24.025,-0.20055766912
24.03,-0.32699619696
24.035,-0.44907477936
24.04,-0.49703422048
24.045,-0.36623574032
24.05,-0.07847908671999999
24.055,0.18311787016
24.06,0.257237008
24.065,0.204917618
24.07,0.18311787016
24.075,0.19619772024
24.08,0.13515842904
24.085,-0.02179974784
24.09,-0.15259822456
24.095,-0.16567807464
24.1,-0.1438783268
24.105,-0.21363751576
24.11,-0.33135614584
24.115,-0.34007604704
24.12,-0.20055766912
24.125,-0.0305196456
24.13,0.04359949224
24.135,0.04359949224
24.14,0.07411913784
24.145,0.204917618
24.15,0.38367553928
24.155,0.4708745237599999
24.16,0.42727503152
24.165,0.30083650024
24.17,0.14823827568
24.175,0.008719897759999999
24.18,-0.07411913784
24.185,-0.08719898448000001
24.19,-0.03923954336
24.195,0.02179974784
24.2,0.05667934232000001
24.205,0.03487959448
24.21,-0.02615969672
24.215,-0.1133586812
24.22,-0.21799746464
24.225,-0.34443599592
24.23,-0.43599492928
24.235,-0.38367553928
24.24,-0.204917618
24.245,-0.02179974784
24.25,0.06539924008
24.255,0.0828390356
24.26,0.10027883456
24.265,0.1438783268
24.27,0.14823827568
24.275,0.09591888568
24.28,0.04795944112
24.285,0.0305196456
24.29,0.0305196456
24.295,0.04795944112
24.3,0.0828390356
24.305,0.10463878344
24.31,0.09155893679999999
24.315,0.05667934232000001
24.32,0.01743979552
24.325,-0.04359949224
24.33,-0.11771863008
24.335,-0.16131812576
24.34,-0.16131812576
24.345,-0.15695817344
24.35,-0.19183776792
24.355,-0.21363751576
24.36,-0.1438783268
24.365,-0.008719897759999999
24.37,0.08719898448000001
24.375,0.09591888568
24.38,0.04359949224
24.385,0
24.39,-0.04359949224
24.395,-0.09155893679999999
24.4,-0.08719898448000001
24.405,0.01743979552
24.41,0.13515842904
24.415,0.13515842904
24.42,0.03923954336
24.425,-0.0305196456
24.43,-0.0305196456
24.435,0.00435994888
24.44,0.04795944112
24.445,0.07411913784
24.45,0.07847908671999999
24.455,0.05667934232000001
24.46,0.05667934232000001
24.465,0.10027883456
24.47,0.15695817344
24.475,0.17003802352
24.48,0.13079848016
24.485,0.06975918896
24.49,0.01307984664
24.495,-0.0610392912
24.5,-0.12643853128
24.505,-0.13951837792
24.51,-0.11771863008
24.515,-0.16567807464
24.52,-0.30519645256
24.525,-0.39239543704
24.53,-0.28339670472
24.535,-0.02615969672
24.54,0.2354372636
24.545,0.40547528368
24.55,0.44907477936
24.555,0.3793155904
24.56,0.2267173624
24.565,0.008719897759999999
24.57,-0.21799746464
24.575,-0.34007604704
24.58,-0.30519645256
24.585,-0.17003802352
24.59,-0.05231939
24.595,-0.03487959448
24.6,-0.07411913784
24.605,-0.06539924008
24.61,0.02615969672
24.615,0.13079848016
24.62,0.21363751576
24.625,0.2877566536
24.63,0.32699619696
24.635,0.2877566536
24.64,0.1743979724
24.645,0.05667934232000001
24.65,0
24.655,-0.02179974784
24.66,-0.07411913784
24.665,-0.16567807464
24.67,-0.204917618
24.675,-0.1438783268
24.68,-0.05231939
24.685,-0.0305196456
24.69,-0.0828390356
24.695,-0.1133586812
24.7,-0.0610392912
24.705,0.04795944112
24.71,0.16131812576
24.715,0.23979721248
24.72,0.25287705912
24.725,0.19183776792
24.73,0.08719898448000001
24.735,-0.008719897759999999
24.74,-0.06975918896
24.745,-0.10463878344
24.75,-0.15259822456
24.755,-0.23979721248
24.76,-0.34007604704
24.765,-0.39239543704
24.77,-0.30083650024
24.775,-0.04795944112
24.78,0.18747781904
24.785,0.30955640144
24.79,0.36187579144
24.795,0.34443599592
24.8,0.24851711024
24.805,0.07411913784
24.81,-0.13951837792
24.815,-0.31391635032
24.82,-0.3487959448
24.825,-0.25287705912
24.83,-0.14823827568
24.835,-0.07411913784
24.84,0
24.845,0.09591888568
24.85,0.17875792128
24.855,0.2267173624
24.86,0.204917618
24.865,0.11771863008
24.87,0.00435994888
24.875,-0.08719898448000001
24.88,-0.13079848016
24.885,-0.13079848016
24.89,-0.09591888568
24.895,-0.02615969672
24.9,0.07847908671999999
24.905,0.10899873232
24.91,0.01307984664
24.915,-0.1133586812
24.92,-0.1133586812
24.925,-0.008719897759999999
24.93,0.06975918896
24.935,0.03923954336
24.94,-0.03923954336
24.945,-0.10027883456
24.95,-0.17875792128
24.955,-0.257237008
24.96,-0.24851711024
24.965,-0.09155893679999999
24.97,0.1438783268
24.975,0.31391635032
24.98,0.30955640144
24.985,0.20055766912
24.99,0.1133586812
24.995,0.07847908671999999
25,0.04795944112
25.005,-0.008719897759999999
25.01,-0.08719898448000001
25.015,-0.16131812576
25.02,-0.1743979724
25.025,-0.07847908671999999
25.03,0.03487959448
25.035,0.04795944112
25.04,-0.06539924008
25.045,-0.18747781904
25.05,-0.21799746464
25.055,-0.19183776792
25.06,-0.20055766912
25.065,-0.26159695688
25.07,-0.26159695688
25.075,-0.09155893679999999
25.08,0.17875792128
25.085,0.41419518488
25.09,0.51011406712
25.095,0.46651457488
25.1,0.3487959448
25.105,0.2354372636
25.11,0.17003802352
25.115,0.12643853128
25.12,0.06539924008
25.125,0.01307984664
25.13,-0.01743979552
25.135,-0.03923954336
25.14,-0.0828390356
25.145,-0.13079848016
25.15,-0.13951837792
25.155,-0.0828390356
25.16,-0.00435994888
25.165,0.04359949224
25.17,0.04359949224
25.175,0
25.18,-0.0610392912
25.185,-0.08719898448000001
25.19,-0.07847908671999999
25.195,-0.0828390356
25.2,-0.13079848016
25.205,-0.20927756688
25.21,-0.29211660248
25.215,-0.32263624808
25.22,-0.2267173624
25.225,-0.00435994888
25.23,0.22235741352
25.235,0.33135614584
25.24,0.32263624808
25.245,0.23979721248
25.25,0.10899873232
25.255,-0.00435994888
25.26,-0.05667934232000001
25.265,-0.05667934232000001
25.27,-0.05667934232000001
25.275,-0.0828390356
25.28,-0.11771863008
25.285,-0.13515842904
25.29,-0.10899873232
25.295,-0.06539924008
25.3,-0.01307984664
25.305,0.04359949224
25.31,0.09155893679999999
25.315,0.1133586812
25.32,0.1438783268
25.325,0.20055766912
25.33,0.23979721248
25.335,0.16131812576
25.34,-0.02179974784
25.345,-0.19619772024
25.35,-0.24415716136
25.355,-0.21363751576
25.36,-0.21799746464
25.365,-0.23979721248
25.37,-0.18747781904
25.375,-0.06975918896
25.38,0.03487959448
25.385,0.10027883456
25.39,0.17875792128
25.395,0.29647655136
25.4,0.39239543704
25.405,0.3705956892
25.41,0.25287705912
25.415,0.15259822456
25.42,0.13515842904
25.425,0.16131812576
25.43,0.13951837792
25.435,0.03487959448
25.44,-0.09155893679999999
25.445,-0.16567807464
25.45,-0.19619772024
25.455,-0.2354372636
25.46,-0.27467680696
25.465,-0.2877566536
25.47,-0.26595690576
25.475,-0.204917618
25.48,-0.05231939
25.485,0.17003802352
25.49,0.34443599592
25.495,0.39239543704
25.5,0.34443599592
25.505,0.2877566536
25.51,0.26595690576
25.515,0.21799746464
25.52,0.07411913784
25.525,-0.11771863008
25.53,-0.20927756688
25.535,-0.15259822456
25.54,-0.04795944112
25.545,-0.01743979552
25.55,-0.09591888568
25.555,-0.19619772024
25.56,-0.20055766912
25.565,-0.10463878344
25.57,-0.01743979552
25.575,0.01743979552
25.58,0.07847908671999999
25.585,0.20055766912
25.59,0.27031685808
25.595,0.18747781904
25.6,0.01307984664
25.605,-0.12207857896
25.61,-0.17003802352
25.615,-0.18311787016
25.62,-0.204917618
25.625,-0.2267173624
25.63,-0.257237008
25.635,-0.30519645256
25.64,-0.36623574032
25.645,-0.38367553928
25.65,-0.31391635032
25.655,-0.20055766912
25.66,-0.03487959448
25.665,0.20927756688
25.67,0.45779467712
25.675,0.59731305504
25.68,0.5755133071999999
25.685,0.44035487816
25.69,0.29647655136
25.695,0.18311787016
25.7,0.06539924008
25.705,-0.11771863008
25.71,-0.33135614584
25.715,-0.462154626
25.72,-0.4316349804
25.725,-0.2877566536
25.73,-0.13515842904
25.735,-0.02179974784
25.74,0.09591888568
25.745,0.20927756688
25.75,0.27031685808
25.755,0.26595690576
25.76,0.257237008
25.765,0.2877566536
25.77,0.27467680696
25.775,0.12207857896
25.78,-0.10027883456
25.785,-0.2877566536
25.79,-0.4011153348
25.795,-0.44907477936
25.8,-0.41855513376
25.805,-0.28339670472
25.81,-0.03487959448
25.815,0.23107731472
25.82,0.38803548816
25.825,0.39239543704
25.83,0.32699619696
25.835,0.24851711024
25.84,0.13515842904
25.845,-0.02615969672
25.85,-0.16567807464
25.855,-0.204917618
25.86,-0.1438783268
25.865,-0.0828390356
25.87,-0.05667934232000001
25.875,-0.01743979552
25.88,0.04359949224
25.885,0.07411913784
25.89,0.03923954336
25.895,-0.00435994888
25.9,0
25.905,0.05667934232000001
25.91,0.1133586812
25.915,0.12643853128
25.92,0.10027883456
25.925,0.0610392912
25.93,0.008719897759999999
25.935,-0.07847908671999999
25.94,-0.19183776792
25.945,-0.25287705912
25.95,-0.204917618
25.955,-0.10899873232
25.96,-0.02615969672
25.965,0.04359949224
25.97,0.13515842904
25.975,0.257237008
25.98,0.32699619696
25.985,0.257237008
25.99,0.07411913784
25.995,-0.10463878344
26,-0.20927756688
26.005,-0.22235741352
26.01,-0.16567807464
26.015,-0.1133586812
26.02,-0.09155893679999999
26.025,-0.06539924008
26.03,-0.00435994888
26.035,0.04795944112
26.04,0.0610392912
26.045,0.09155893679999999
26.05,0.16131812576
26.055,0.19183776792
26.06,0.09591888568
26.065,-0.04795944112
26.07,-0.09155893679999999
26.075,-0.05231939
26.08,-0.03923954336
26.085,-0.07411913784
26.09,-0.1133586812
26.095,-0.10899873232
26.1,-0.0828390356
26.105,-0.03923954336
26.11,0.0610392912
26.115,0.20055766912
26.12,0.27467680696
26.125,0.21363751576
26.13,0.06975918896
26.135,-0.04795944112
26.14,-0.12207857896
26.145,-0.17003802352
26.15,-0.21799746464
26.155,-0.24851711024
26.16,-0.257237008
26.165,-0.23979721248
26.17,-0.19183776792
26.175,-0.10027883456
26.18,0.03487959448
26.185,0.15695817344
26.19,0.2267173624
26.195,0.24415716136
26.2,0.21363751576
26.205,0.14823827568
26.21,0.06975918896
26.215,0.01743979552
26.22,0.02615969672
26.225,0.10463878344
26.23,0.20927756688
26.235,0.2354372636
26.24,0.16567807464
26.245,0.06975918896
26.25,-0.01743979552
26.255,-0.10463878344
26.26,-0.19183776792
26.265,-0.24851711024
26.27,-0.24851711024
26.275,-0.22235741352
26.28,-0.19619772024
26.285,-0.13515842904
26.29,-0.008719897759999999
26.295,0.15695817344
26.3,0.28339670472
26.305,0.32699619696
26.31,0.30955640144
26.315,0.24415716136
26.32,0.11771863008
26.325,-0.02615969672
26.33,-0.09155893679999999
26.335,-0.0610392912
26.34,-0.01743979552
26.345,-0.02179974784
26.35,-0.05231939
26.355,-0.12643853128
26.36,-0.23107731472
26.365,-0.28339670472
26.37,-0.23107731472
26.375,-0.10463878344
26.38,0.01307984664
26.385,0.04795944112
26.39,0
26.395,-0.07411913784
26.4,-0.10463878344
26.405,-0.06975918896
26.41,-0.01307984664
26.415,0.05231939
26.42,0.1438783268
26.425,0.23107731472
26.43,0.27467680696
26.435,0.257237008
26.44,0.2267173624
26.445,0.20055766912
26.45,0.16131812576
26.455,0.07411913784
26.46,-0.01743979552
26.465,-0.05667934232000001
26.47,-0.07411913784
26.475,-0.14823827568
26.48,-0.23979721248
26.485,-0.21799746464
26.49,-0.12207857896
26.495,-0.06539924008
26.5,-0.08719898448000001
26.505,-0.10463878344
26.51,-0.05667934232000001
26.515,0.02615969672
26.52,0.07847908671999999
26.525,0.06975918896
26.53,0.03487959448
26.535,0.04359949224
26.54,0.07847908671999999
26.545,0.09155893679999999
26.55,0.05667934232000001
26.555,0.01307984664
26.56,0.00435994888
26.565,0.0305196456
26.57,0.05231939
26.575,0.07411913784
26.58,0.12207857896
26.585,0.18747781904
26.59,0.204917618
26.595,0.1133586812
26.6,-0.09591888568
26.605,-0.34007604704
26.61,-0.48395437384
26.615,-0.5013941693599999
26.62,-0.41419518488
26.625,-0.22235741352
26.63,0.008719897759999999
26.635,0.14823827568
26.64,0.15259822456
26.645,0.13951837792
26.65,0.20055766912
26.655,0.23107731472
26.66,0.13515842904
26.665,-0.00435994888
26.67,-0.06539924008
26.675,-0.05231939
26.68,-0.07411913784
26.685,-0.15695817344
26.69,-0.21799746464
26.695,-0.18311787016
26.7,-0.08719898448000001
26.705,-0.01743979552
26.71,0.02615969672
26.715,0.09155893679999999
26.72,0.18311787016
26.725,0.26159695688
26.73,0.30955640144
26.735,0.3182762992
26.74,0.25287705912
26.745,0.12643853128
26.75,-0.03923954336
26.755,-0.18311787016
26.76,-0.26595690576
26.765,-0.28339670472
26.77,-0.24851711024
26.775,-0.18747781904
26.78,-0.10899873232
26.785,-0.03923954336
26.79,-0.00435994888
26.795,0.008719897759999999
26.8,0.05231939
26.805,0.13515842904
26.81,0.18747781904
26.815,0.1438783268
26.82,0.03923954336
26.825,-0.02179974784
26.83,0.008719897759999999
26.835,0.10027883456
26.84,0.17875792128
26.845,0.19183776792
26.85,0.15259822456
26.855,0.10027883456
26.86,0.01743979552
26.865,-0.11771863008
26.87,-0.25287705912
26.875,-0.29647655136
26.88,-0.23107731472
26.885,-0.1438783268
26.89,-0.10463878344
26.895,-0.07411913784
26.9,0.02179974784
26.905,0.15259822456
26.91,0.2267173624
26.915,0.20055766912
26.92,0.1133586812
26.925,0.01743979552
26.93,-0.05667934232000001
26.935,-0.1133586812
26.94,-0.10899873232
26.945,-0.00435994888
26.95,0.10899873232
26.955,0.1133586812
26.96,0.02615969672
26.965,-0.0610392912
26.97,-0.07411913784
26.975,-0.02615969672
26.98,0.0305196456
26.985,0.07411913784
26.99,0.10899873232
26.995,0.13951837792
27,0.1438783268
27.005,0.12643853128
27.01,0.10463878344
27.015,0.07411913784
27.02,0.02179974784
27.025,-0.008719897759999999
27.03,0.05231939
27.035,0.1438783268
27.04,0.13515842904
27.045,0.00435994888
27.05,-0.15695817344
27.055,-0.24851711024
27.06,-0.24851711024
27.065,-0.19183776792
27.07,-0.12207857896
27.075,-0.06975918896
27.08,-0.03487959448
27.085,0.00435994888
27.09,0.05667934232000001
27.095,0.08719898448000001
27.1,0.04795944112
27.105,-0.04795944112
27.11,-0.12643853128
27.115,-0.1133586812
27.12,-0.01743979552
27.125,0.09591888568
27.13,0.17003802352
27.135,0.20927756688
27.14,0.22235741352
27.145,0.19183776792
27.15,0.09155893679999999
27.155,-0.02179974784
27.16,-0.10027883456
27.165,-0.15259822456
27.17,-0.17875792128
27.175,-0.18311787016
27.18,-0.17003802352
27.185,-0.13079848016
27.19,-0.04359949224
27.195,0.05231939
27.2,0.10463878344
27.205,0.10899873232
27.21,0.13079848016
27.215,0.18747781904
27.22,0.204917618
27.225,0.16131812576
27.23,0.1133586812
27.235,0.09591888568
27.24,0.05667934232000001
27.245,-0.05667934232000001
27.25,-0.19619772024
27.255,-0.30083650024
27.26,-0.34443599592
27.265,-0.30519645256
27.27,-0.13951837792
27.275,0.09591888568
27.28,0.20927756688
27.285,0.15695817344
27.29,0.05667934232000001
27.295,0.00435994888
27.3,-0.0305196456
27.305,-0.10027883456
27.31,-0.204917618
27.315,-0.2354372636
27.32,-0.08719898448000001
27.325,0.1743979724
27.33,0.3793155904
27.335,0.44907477936
27.34,0.38803548816
27.345,0.21799746464
27.35,0.02179974784
27.355,-0.0828390356
27.36,-0.09155893679999999
27.365,-0.1133586812
27.37,-0.1743979724
27.375,-0.19619772024
27.38,-0.1743979724
27.385,-0.18747781904
27.39,-0.26595690576
27.395,-0.3182762992
27.4,-0.257237008
27.405,-0.14823827568
27.41,-0.06539924008
27.415,0.01307984664
27.42,0.12207857896
27.425,0.2267173624
27.43,0.24851711024
27.435,0.17003802352
27.44,0.05231939
27.445,-0.04359949224
27.45,-0.12643853128
27.455,-0.17875792128
27.46,-0.12643853128
27.465,0.02179974784
27.47,0.13515842904
27.475,0.13515842904
27.48,0.04359949224
27.485,-0.05667934232000001
27.49,-0.17003802352
27.495,-0.2877566536
27.5,-0.36187579144
27.505,-0.33135614584
27.51,-0.204917618
27.515,-0.06975918896
27.52,0.02615969672
27.525,0.09155893679999999
27.53,0.16131812576
27.535,0.22235741352
27.54,0.21363751576
27.545,0.13515842904
27.55,0.04795944112
27.555,0.01307984664
27.56,-0.00435994888
27.565,-0.04795944112
27.57,-0.09591888568
27.575,-0.09591888568
27.58,-0.07411913784
27.585,-0.06975918896
27.59,-0.0828390356
27.595,-0.06539924008
27.6,0.02615969672
27.605,0.15695817344
27.61,0.23107731472
27.615,0.21363751576
27.62,0.13951837792
27.625,0.03923954336
27.63,-0.05231939
27.635,-0.1133586812
27.64,-0.13515842904
27.645,-0.10463878344
27.65,-0.05667934232000001
27.655,-0.04359949224
27.66,-0.04795944112
27.665,-0.01307984664
27.67,0.06975918896
27.675,0.1438783268
27.68,0.15259822456
27.685,0.10027883456
27.69,0.0610392912
27.695,0.04359949224
27.7,-0.01307984664
27.705,-0.12207857896
27.71,-0.20927756688
27.715,-0.21799746464
27.72,-0.20055766912
27.725,-0.2267173624
27.73,-0.257237008
27.735,-0.18747781904
27.74,-0.01743979552
27.745,0.14823827568
27.75,0.23107731472
27.755,0.23107731472
27.76,0.204917618
27.765,0.18747781904
27.77,0.17875792128
27.775,0.14823827568
27.78,0.1133586812
27.785,0.07411913784
27.79,0.03923954336
27.795,0.008719897759999999
27.8,0.01307984664
27.805,0.05667934232000001
27.81,0.12207857896
27.815,0.16567807464
27.82,0.17003802352
27.825,0.13951837792
27.83,0.08719898448000001
27.835,0.04359949224
27.84,0.0305196456
27.845,0.04795944112
27.85,0.03923954336
27.855,-0.05667934232000001
27.86,-0.22235741352
27.865,-0.35751584256
27.87,-0.409835236
27.875,-0.40547528368
27.88,-0.36623574032
27.885,-0.24851711024
27.89,-0.02179974784
27.895,0.21799746464
27.9,0.33571609472
27.905,0.33571609472
27.91,0.32699619696
27.915,0.3182762992
27.92,0.24415716136
27.925,0.12207857896
27.93,0.04359949224
27.935,0.02615969672
27.94,0.008719897759999999
27.945,-0.03923954336
27.95,-0.10463878344
27.955,-0.17003802352
27.96,-0.23107731472
27.965,-0.25287705912
27.97,-0.21363751576
27.975,-0.17003802352
27.98,-0.18311787016
27.985,-0.204917618
27.99,-0.13079848016
27.995,0.02179974784
28,0.16567807464
28.005,0.257237008
28.01,0.30955640144
28.015,0.29647655136
28.02,0.18311787016
28.025,0.03487959448
28.03,-0.02179974784
28.035,0.03487959448
28.04,0.09591888568
28.045,0.07847908671999999
28.05,-0.008719897759999999
28.055,-0.10463878344
28.06,-0.13515842904
28.065,-0.09591888568
28.07,-0.04795944112
28.075,-0.05231939
28.08,-0.09155893679999999
28.085,-0.1133586812
28.09,-0.09591888568
28.095,-0.05667934232000001
28.1,-0.008719897759999999
28.105,0.02179974784
28.11,0
28.115,-0.04359949224
28.12,-0.0610392912
28.125,-0.06539924008
28.13,-0.09155893679999999
28.135,-0.12643853128
28.14,-0.10027883456
28.145,0.008719897759999999
28.15,0.13951837792
28.155,0.18747781904
28.16,0.1438783268
28.165,0.11771863008
28.17,0.15259822456
28.175,0.19183776792
28.18,0.15259822456
28.185,0.04359949224
28.19,-0.04795944112
28.195,-0.10027883456
28.2,-0.1438783268
28.205,-0.18311787016
28.21,-0.17003802352
28.215,-0.09155893679999999
28.22,0.01743979552
28.225,0.07847908671999999
28.23,0.05667934232000001
28.235,-0.01307984664
28.24,-0.05667934232000001
28.245,-0.04795944112
28.25,-0.01743979552
28.255,-0.02615969672
28.26,-0.07411913784
28.265,-0.09591888568
28.27,-0.02179974784
28.275,0.11771863008
28.28,0.21363751576
28.285,0.2267173624
28.29,0.19183776792
28.295,0.16131812576
28.3,0.16131812576
28.305,0.16567807464
28.31,0.13079848016
28.315,0.0610392912
28.32,-0.00435994888
28.325,-0.03923954336
28.33,-0.06975918896
28.335,-0.10899873232
28.34,-0.13951837792
28.345,-0.15259822456
28.35,-0.16131812576
28.355,-0.204917618
28.36,-0.27467680696
28.365,-0.32263624808
28.37,-0.30519645256
28.375,-0.19619772024
28.38,-0.02179974784
28.385,0.16131812576
28.39,0.27903675584
28.395,0.30955640144
28.4,0.27467680696
28.405,0.2354372636
28.41,0.19619772024
28.415,0.1133586812
28.42,0.008719897759999999
28.425,-0.05667934232000001
28.43,-0.0610392912
28.435,-0.03923954336
28.44,-0.01307984664
28.445,0.01743979552
28.45,0.05231939
28.455,0.07411913784
28.46,0.06975918896
28.465,0.02615969672
28.47,-0.03487959448
28.475,-0.09591888568
28.48,-0.10899873232
28.485,-0.0305196456
28.49,0.10027883456
28.495,0.17003802352
28.5,0.12643853128
28.505,0.03923954336
28.51,-0.00435994888
28.515,-0.00435994888
28.52,-0.01307984664
28.525,-0.02179974784
28.53,0.00435994888
28.535,0.0305196456
28.54,0.008719897759999999
28.545,-0.07411913784
28.55,-0.15259822456
28.555,-0.16567807464
28.56,-0.10027883456
28.565,-0.03487959448
28.57,-0.02615969672
28.575,-0.05231939
28.58,-0.06975918896
28.585,-0.06539924008
28.59,-0.008719897759999999
28.595,0.10463878344
28.6,0.21799746464
28.605,0.24415716136
28.61,0.14823827568
28.615,0.00435994888
28.62,-0.11771863008
28.625,-0.19619772024
28.63,-0.2267173624
28.635,-0.21799746464
28.64,-0.17003802352
28.645,-0.13079848016
28.65,-0.13079848016
28.655,-0.13515842904
28.66,-0.09155893679999999
28.665,-0.02179974784
28.67,0.01307984664
28.675,0.01307984664
28.68,0.008719897759999999
28.685,0.008719897759999999
28.69,0.00435994888
28.695,0.008719897759999999
28.7,0.03923954336
28.705,0.07411913784
28.71,0.08719898448000001
28.715,0.08719898448000001
28.72,0.09155893679999999
28.725,0.09155893679999999
28.73,0.05667934232000001
28.735,0.0305196456
28.74,0.04359949224
28.745,0.06539924008
28.75,0.03923954336
28.755,0.00435994888
28.76,0.00435994888
28.765,0.02179974784
28.77,0.01307984664
28.775,-0.01307984664
28.78,-0.008719897759999999
28.785,0.008719897759999999
28.79,-0.008719897759999999
28.795,-0.03487959448
28.8,-0.01307984664
28.805,0.05231939
28.81,0.09591888568
28.815,0.07847908671999999
28.82,0.03923954336
28.825,0.03923954336
28.83,0.0610392912
28.835,0.04795944112
28.84,0.01307984664
28.845,0.00435994888
28.85,-0.01307984664
28.855,-0.06975918896
28.86,-0.12643853128
28.865,-0.1133586812
28.87,-0.03487959448
28.875,0.04795944112
28.88,0.08719898448000001
28.885,0.1133586812
28.89,0.1743979724
28.895,0.2354372636
28.9,0.2354372636
28.905,0.16131812576
28.91,0.06975918896
28.915,-0.008719897759999999
28.92,-0.05667934232000001
28.925,-0.06539924008
28.93,-0.06975918896
28.935,-0.10027883456
28.94,-0.14823827568
28.945,-0.16567807464
28.95,-0.16131812576
28.955,-0.17003802352
28.96,-0.17003802352
28.965,-0.10899873232
28.97,0.008719897759999999
28.975,0.11771863008
28.98,0.15259822456
28.985,0.1133586812
28.99,0.04795944112
28.995,0
29,-0.01307984664
29.005,-0.008719897759999999
29.01,0.00435994888
29.015,0.0305196456
29.02,0.0828390356
29.025,0.13515842904
29.03,0.12207857896
29.035,0.03487959448
29.04,-0.06975918896
29.045,-0.1438783268
29.05,-0.19183776792
29.055,-0.20927756688
29.06,-0.19619772024
29.065,-0.17875792128
29.07,-0.17003802352
29.075,-0.14823827568
29.08,-0.10463878344
29.085,-0.0305196456
29.09,0.06539924008
29.095,0.1743979724
29.1,0.26159695688
29.105,0.30083650024
29.11,0.29211660248
29.115,0.257237008
29.12,0.19619772024
29.125,0.1133586812
29.13,0.02615969672
29.135,-0.05667934232000001
29.14,-0.12643853128
29.145,-0.15695817344
29.15,-0.11771863008
29.155,-0.01743979552
29.16,0.07847908671999999
29.165,0.12643853128
29.17,0.13951837792
29.175,0.15259822456
29.18,0.18747781904
29.185,0.204917618
29.19,0.13951837792
29.195,0
29.2,-0.13951837792
29.205,-0.21799746464
29.21,-0.24851711024
29.215,-0.257237008
29.22,-0.2267173624
29.225,-0.12207857896
29.23,0.00435994888
29.235,0.03487959448
29.24,-0.008719897759999999
29.245,-0.01743979552
29.25,0.02179974784
29.255,0.04359949224
29.26,0.02179974784
29.265,-0.008719897759999999
29.27,-0.03487959448
29.275,-0.07411913784
29.28,-0.12207857896
29.285,-0.12643853128
29.29,-0.05231939
29.295,0.03923954336
29.3,0.08719898448000001
29.305,0.1133586812
29.31,0.15695817344
29.315,0.21363751576
29.32,0.2354372636
29.325,0.204917618
29.33,0.11771863008
29.335,-0.00435994888
29.34,-0.11771863008
29.345,-0.17003802352
29.35,-0.1438783268
29.355,-0.09155893679999999
29.36,-0.09155893679999999
29.365,-0.10463878344
29.37,-0.05231939
29.375,0.03487959448
29.38,0.09155893679999999
29.385,0.12207857896
29.39,0.15259822456
29.395,0.1438783268
29.4,0.05667934232000001
29.405,-0.03923954336
29.41,-0.08719898448000001
29.415,-0.07411913784
29.42,-0.01743979552
29.425,0.02615969672
29.43,0.01743979552
29.435,-0.01307984664
29.44,-0.0305196456
29.445,-0.0610392912
29.45,-0.0828390356
29.455,-0.06975918896
29.46,-0.008719897759999999
29.465,0.04795944112
29.47,0.03923954336
29.475,-0.01743979552
29.48,-0.0610392912
29.485,-0.06975918896
29.49,-0.07847908671999999
29.495,-0.10463878344
29.5,-0.12207857896
29.505,-0.13079848016
29.51,-0.12207857896
29.515,-0.09155893679999999
29.52,-0.00435994888
29.525,0.10463878344
29.53,0.13515842904
29.535,0.0828390356
29.54,0.02179974784
29.545,0.01743979552
29.55,0.06975918896
29.555,0.12207857896
29.56,0.13515842904
29.565,0.1438783268
29.57,0.17003802352
29.575,0.17003802352
29.58,0.07847908671999999
29.585,-0.05667934232000001
29.59,-0.15695817344
29.595,-0.19619772024
29.6,-0.20055766912
29.605,-0.17875792128
29.61,-0.12207857896
29.615,-0.06539924008
29.62,-0.03487959448
29.625,-0.008719897759999999
29.63,0.03923954336
29.635,0.06975918896
29.64,0.05231939
29.645,-0.00435994888
29.65,-0.03923954336
29.655,-0.02615969672
29.66,0
29.665,0.01743979552
29.67,0.01743979552
29.675,-0.00435994888
29.68,-0.04795944112
29.685,-0.09155893679999999
29.69,-0.12643853128
29.695,-0.14823827568
29.7,-0.14823827568
29.705,-0.10027883456
29.71,-0.02615969672
29.715,0.03923954336
29.72,0.07847908671999999
29.725,0.10899873232
29.73,0.12207857896
29.735,0.1133586812
29.74,0.10027883456
29.745,0.10027883456
29.75,0.08719898448000001
29.755,0.02179974784
29.76,-0.05667934232000001
29.765,-0.07411913784
29.77,-0.03487959448
29.775,-0.01743979552
29.78,-0.05231939
29.785,-0.06539924008
29.79,-0.02179974784
29.795,0.05231939
29.8,0.10899873232
29.805,0.13079848016
29.81,0.10899873232
29.815,0.03923954336
29.82,-0.0610392912
29.825,-0.16131812576
29.83,-0.21799746464
29.835,-0.2267173624
29.84,-0.20055766912
29.845,-0.11771863008
29.85,0.0305196456
29.855,0.16567807464
29.86,0.19619772024
29.865,0.13515842904
29.87,0.06539924008
29.875,0.008719897759999999
29.88,-0.03923954336
29.885,-0.0828390356
29.89,-0.09591888568
29.895,-0.0610392912
29.9,-0.02615969672
29.905,-0.0305196456
29.91,-0.0305196456
29.915,0.02179974784
29.92,0.06975918896
29.925,0.07411913784
29.93,0.04359949224
29.935,0.03487959448
29.94,0.05667934232000001
29.945,0.07411913784
29.95,0.06975918896
29.955,0.04795944112
29.96,0.008719897759999999
29.965,-0.04795944112
29.97,-0.1133586812
29.975,-0.15259822456
29.98,-0.15259822456
29.985,-0.13515842904
29.99,-0.10899873232
29.995,-0.0828390356
30,-0.06539924008
30.005,-0.04359949224
30.01,0.02179974784
30.015,0.1133586812
30.02,0.14823827568
30.025,0.09591888568
30.03,0.0305196456
30.035,-0.008719897759999999
30.04,-0.06975918896
30.045,-0.16131812576
30.05,-0.20927756688
30.055,-0.14823827568
30.06,-0.02179974784
30.065,0.06975918896
30.07,0.05667934232000001
30.075,-0.01307984664
30.08,-0.07411913784
30.085,-0.10027883456
30.09,-0.13515842904
30.095,-0.18311787016
30.1,-0.18311787016
30.105,-0.05667934232000001
30.11,0.13951837792
30.115,0.26595690576
30.12,0.24851711024
30.125,0.17003802352
30.13,0.15259822456
30.135,0.18311787016
30.14,0.16567807464
30.145,0.07847908671999999
30.15,0
30.155,-0.008719897759999999
30.16,-0.00435994888
30.165,-0.03487959448
30.17,-0.07847908671999999
30.175,-0.12643853128
30.18,-0.14823827568
30.185,-0.10463878344
30.19,-0.02615969672
30.195,0.02615969672
30.2,0.06539924008
30.205,0.13951837792
30.21,0.23979721248
30.215,0.2877566536
30.22,0.23979721248
30.225,0.13079848016
30.23,0.03487959448
30.235,-0.01307984664
30.24,-0.05231939
30.245,-0.12207857896
30.25,-0.20927756688
30.255,-0.25287705912
30.26,-0.22235741352
30.265,-0.13951837792
30.27,-0.07411913784
30.275,-0.03487959448
30.28,0
30.285,0.06539924008
30.29,0.12643853128
30.295,0.13515842904
30.3,0.07411913784
30.305,0.00435994888
30.31,-0.0305196456
30.315,-0.0305196456
30.32,-0.0305196456
30.325,-0.03923954336
30.33,-0.01743979552
30.335,0.05231939
30.34,0.10463878344
30.345,0.09155893679999999
30.35,0.03487959448
30.355,-0.00435994888
30.36,0.008719897759999999
30.365,0.05231939
30.37,0.09591888568
30.375,0.1133586812
30.38,0.0828390356
30.385,0.01743979552
30.39,-0.04795944112
30.395,-0.06975918896
30.4,-0.04359949224
30.405,-0.02615969672
30.41,-0.04795944112
30.415,-0.0828390356
30.42,-0.1133586812
30.425,-0.1438783268
30.43,-0.15695817344
30.435,-0.13515842904
30.44,-0.10463878344
30.445,-0.09155893679999999
30.45,-0.06539924008
30.455,-0.00435994888
30.46,0.0610392912
30.465,0.10899873232
30.47,0.1133586812
30.475,0.0828390356
30.48,0.04359949224
30.485,0.02179974784
30.49,0
30.495,-0.02615969672
30.5,-0.01743979552
30.505,0.03487959448
30.51,0.07847908671999999
30.515,0.06975918896
30.52,0.03923954336
30.525,0.03487959448
30.53,0.04795944112
30.535,0.03923954336
30.54,0.00435994888
30.545,-0.01307984664
30.55,-0.01307984664
30.555,-0.03923954336
30.56,-0.10027883456
30.565,-0.15695817344
30.57,-0.14823827568
30.575,-0.10899873232
30.58,-0.0828390356
30.585,-0.06539924008
30.59,-0.02179974784
30.595,0.03923954336
30.6,0.09155893679999999
30.605,0.1133586812
30.61,0.09155893679999999
30.615,0.02179974784
30.62,-0.07847908671999999
30.625,-0.14823827568
30.63,-0.13079848016
30.635,-0.03923954336
30.64,0.03923954336
30.645,0.06539924008
30.65,0.05231939
30.655,0.03923954336
30.66,0.0305196456
30.665,0.01743979552
30.67,0.01307984664
30.675,0.02179974784
30.68,0.02615969672
30.685,0.008719897759999999
30.69,-0.02179974784
30.695,-0.06539924008
30.7,-0.12207857896
30.705,-0.15259822456
30.71,-0.13079848016
30.715,-0.07847908671999999
30.72,-0.02615969672
30.725,0.01743979552
30.73,0.05231939
30.735,0.06975918896
30.74,0.08719898448000001
30.745,0.1133586812
30.75,0.1133586812
30.755,0.09155893679999999
30.76,0.06975918896
30.765,0.03923954336
30.77,-0.01307984664
30.775,-0.05667934232000001
30.78,-0.04795944112
30.785,-0.00435994888
30.79,0.02179974784
30.795,0.01307984664
30.8,-0.02179974784
30.805,-0.04795944112
30.81,-0.05231939
30.815,-0.04795944112
30.82,-0.05231939
30.825,-0.06539924008
30.83,-0.07847908671999999
30.835,-0.08719898448000001
30.84,-0.06975918896
30.845,-0.01743979552
30.85,0.04359949224
30.855,0.09155893679999999
30.86,0.10899873232
30.865,0.11771863008
30.87,0.12207857896
30.875,0.10899873232
30.88,0.06539924008
30.885,0.00435994888
30.89,-0.02179974784
30.895,0.01743979552
30.9,0.06975918896
30.905,0.09155893679999999
30.91,0.07847908671999999
30.915,0.06539924008
30.92,0.03923954336
30.925,-0.01307984664
30.93,-0.06975918896
30.935,-0.12643853128
30.94,-0.16131812576
30.945,-0.15695817344
30.95,-0.12207857896
30.955,-0.07411913784
30.96,0
30.965,0.08719898448000001
30.97,0.13951837792
30.975,0.13515842904
30.98,0.09591888568
30.985,0.0305196456
30.99,-0.0305196456
30.995,-0.0610392912
31,-0.07411913784
31.005,-0.06975918896
31.01,-0.03923954336
31.015,-0.008719897759999999
31.02,0.00435994888
31.025,-0.00435994888
31.03,-0.01743979552
31.035,-0.02179974784
31.04,-0.01307984664
31.045,0.02179974784
31.05,0.07847908671999999
31.055,0.10899873232
31.06,0.0828390356
31.065,0.00435994888
31.07,-0.06539924008
31.075,-0.09155893679999999
31.08,-0.10027883456
31.085,-0.08719898448000001
31.09,-0.04795944112
31.095,0.00435994888
31.1,0.04795944112
31.105,0.08719898448000001
31.11,0.13951837792
31.115,0.16131812576
31.12,0.12643853128
31.125,0.05231939
31.13,-0.008719897759999999
31.135,-0.05231939
31.14,-0.09155893679999999
31.145,-0.11771863008
31.15,-0.09591888568
31.155,-0.03923954336
31.16,0.01743979552
31.165,0.0610392912
31.17,0.10463878344
31.175,0.16131812576
31.18,0.204917618
31.185,0.19183776792
31.19,0.1133586812
31.195,0.02615969672
31.2,-0.03487959448
31.205,-0.09155893679999999
31.21,-0.13951837792
31.215,-0.13515842904
31.22,-0.06975918896
31.225,0
31.23,0.03487959448
31.235,0.05667934232000001
31.24,0.10027883456
31.245,0.12643853128
31.25,0.07847908671999999
31.255,-0.00435994888
31.26,-0.03487959448
31.265,-0.01307984664
31.27,-0.008719897759999999
31.275,-0.04359949224
31.28,-0.04795944112
31.285,-0.01743979552
31.29,0.00435994888
31.295,-0.01743979552
31.3,-0.0828390356
31.305,-0.13951837792
31.31,-0.13079848016
31.315,-0.07847908671999999
31.32,-0.03487959448
31.325,0
31.33,0.03923954336
31.335,0.07411913784
31.34,0.10027883456
31.345,0.13079848016
31.35,0.17003802352
31.355,0.19183776792
31.36,0.16567807464
31.365,0.10463878344
31.37,0.02179974784
31.375,-0.0610392912
31.38,-0.13079848016
31.385,-0.16131812576
31.39,-0.15695817344
31.395,-0.14823827568
31.4,-0.13079848016
31.405,-0.05667934232000001
31.41,0.0305196456
31.415,0.05667934232000001
31.42,0.01307984664
31.425,-0.02615969672
31.43,-0.0305196456
31.435,-0.02615969672
31.44,-0.02615969672
31.445,0.02179974784
31.45,0.12207857896
31.455,0.17003802352
31.46,0.1133586812
31.465,0.008719897759999999
31.47,-0.0610392912
31.475,-0.0828390356
31.48,-0.10899873232
31.485,-0.09591888568
31.49,-0.02179974784
31.495,0.04795944112
31.5,0.04795944112
31.505,0.008719897759999999
31.51,-0.00435994888
31.515,0.01743979552
31.52,0.03923954336
31.525,0.04359949224
31.53,0.03923954336
31.535,0.03487959448
31.54,0.02615969672
31.545,0
31.55,-0.04795944112
31.555,-0.09591888568
31.56,-0.11771863008
31.565,-0.09155893679999999
31.57,-0.03487959448
31.575,0.02615969672
31.58,0.0828390356
31.585,0.12643853128
31.59,0.13951837792
31.595,0.10027883456
31.6,0.01307984664
31.605,-0.08719898448000001
31.61,-0.13515842904
31.615,-0.12207857896
31.62,-0.0828390356
31.625,-0.04795944112
31.63,-0.0305196456
31.635,-0.008719897759999999
31.64,0.02179974784
31.645,0.03487959448
31.65,0.03923954336
31.655,0.03923954336
31.66,0.02615969672
31.665,-0.02615969672
31.67,-0.06975918896
31.675,-0.06539924008
31.68,-0.01743979552
31.685,0.03923954336
31.69,0.05667934232000001
31.695,0.0305196456
31.7,-0.02179974784
31.705,-0.05667934232000001
31.71,-0.0610392912
31.715,-0.04359949224
31.72,-0.02179974784
31.725,-0.00435994888
31.73,0.00435994888
31.735,0.01743979552
31.74,0.02179974784
31.745,0.01743979552
31.75,0.01743979552
31.755,0.05667934232000001
31.76,0.13515842904
31.765,0.19619772024
31.77,0.20055766912
31.775,0.15259822456
31.78,0.12207857896
31.785,0.09591888568
31.79,0.01307984664
31.795,-0.10027883456
31.8,-0.17003802352
31.805,-0.16131812576
31.81,-0.10463878344
31.815,-0.03487959448
31.82,0.02179974784
31.825,0.06539924008
31.83,0.10027883456
31.835,0.10899873232
31.84,0.08719898448000001
31.845,0.04795944112
31.85,0.01743979552
31.855,-0.00435994888
31.86,-0.02179974784
31.865,-0.0305196456
31.87,0
31.875,0.07411913784
31.88,0.15695817344
31.885,0.19619772024
31.89,0.18311787016
31.895,0.11771863008
31.9,0.02615969672
31.905,-0.0305196456
31.91,-0.03487959448
31.915,-0.02179974784
31.92,-0.03487959448
31.925,-0.0828390356
31.93,-0.13515842904
31.935,-0.1438783268
31.94,-0.10027883456
31.945,-0.04795944112
31.95,-0.01743979552
31.955,0.01307984664
31.96,0.05667934232000001
31.965,0.06975918896
31.97,0.03923954336
31.975,0
31.98,-0.02615969672
31.985,-0.0305196456
31.99,-0.008719897759999999
31.995,0.05231939
32,0.10899873232
32.005,0.1133586812
32.01,0.0828390356
32.015,0.06539924008
32.02,0.06539924008
32.025,0.02615969672
32.03,-0.05231939
32.035,-0.13515842904
32.04,-0.16567807464
32.045,-0.13951837792
32.05,-0.06975918896
32.055,0.01743979552
32.06,0.08719898448000001
32.065,0.10899873232
32.07,0.07411913784
32.075,0.02615969672
32.08,0.008719897759999999
32.085,0.02615969672
32.09,0.06975918896
32.095,0.10027883456
32.1,0.0610392912
32.105,-0.06539924008
32.11,-0.1743979724
32.115,-0.1743979724
32.12,-0.09155893679999999
32.125,-0.01743979552
32.13,-0.02615969672
32.135,-0.05231939
32.14,-0.02615969672
32.145,0.03923954336
32.15,0.0828390356
32.155,0.07411913784
32.16,0.05667934232000001
32.165,0.03923954336
32.17,0.008719897759999999
32.175,-0.06539924008
32.18,-0.15259822456
32.185,-0.19619772024
32.19,-0.16131812576
32.195,-0.07847908671999999
32.2,-0.02615969672
32.205,-0.0305196456
32.21,-0.0610392912
32.215,-0.0610392912
32.22,0.008719897759999999
32.225,0.11771863008
32.23,0.19183776792
32.235,0.17875792128
32.24,0.1133586812
32.245,0.03923954336
32.25,-0.01743979552
32.255,-0.05667934232000001
32.26,-0.06975918896
32.265,-0.07411913784
32.27,-0.0610392912
32.275,-0.03923954336
32.28,0
32.285,0.0305196456
32.29,0.04795944112
32.295,0.06975918896
32.3,0.09155893679999999
32.305,0.06975918896
32.31,-0.01743979552
32.315,-0.09155893679999999
32.32,-0.09155893679999999
32.325,-0.04359949224
32.33,-0.0305196456
32.335,-0.05667934232000001
32.34,-0.05231939
32.345,0
32.35,0.0610392912
32.355,0.09155893679999999
32.36,0.07411913784
32.365,0.02615969672
32.37,-0.01743979552
32.375,-0.05231939
32.38,-0.07411913784
32.385,-0.09591888568
32.39,-0.1133586812
32.395,-0.09591888568
32.4,-0.05667934232000001
32.405,-0.02179974784
32.41,0.01743979552
32.415,0.07847908671999999
32.42,0.13515842904
32.425,0.15259822456
32.43,0.13079848016
32.435,0.07847908671999999
32.44,0.02615969672
32.445,-0.01307984664
32.45,-0.008719897759999999
32.455,0.008719897759999999
32.46,0.00435994888
32.465,-0.02179974784
32.47,-0.04359949224
32.475,-0.05231939
32.48,-0.0610392912
32.485,-0.06975918896
32.49,-0.05667934232000001
32.495,-0.0305196456
32.5,-0.01743979552
32.505,-0.02615969672
32.51,-0.05231939
32.515,-0.07411913784
32.52,-0.06539924008
32.525,-0.01743979552
32.53,0.0305196456
32.535,0.06539924008
32.54,0.08719898448000001
32.545,0.09591888568
32.55,0.07847908671999999
32.555,0.00435994888
32.56,-0.09591888568
32.565,-0.15695817344
32.57,-0.13515842904
32.575,-0.08719898448000001
32.58,-0.06975918896
32.585,-0.07847908671999999
32.59,-0.07847908671999999
32.595,-0.06975918896
32.6,-0.0610392912
32.605,-0.05231939
32.61,-0.03487959448
32.615,0.00435994888
32.62,0.05231939
32.625,0.08719898448000001
32.63,0.10899873232
32.635,0.12207857896
32.64,0.11771863008
32.645,0.09591888568
32.65,0.05667934232000001
32.655,0.03487959448
32.66,0.02179974784
32.665,0.01307984664
32.67,0
32.675,0
32.68,-0.00435994888
32.685,-0.02615969672
32.69,-0.06539924008
32.695,-0.10899873232
32.7,-0.14823827568
32.705,-0.16567807464
32.71,-0.14823827568
32.715,-0.09591888568
32.72,-0.0305196456
32.725,0.01307984664
32.73,0.03487959448
32.735,0.03487959448
32.74,0.01743979552
32.745,-0.01307984664
32.75,-0.04359949224
32.755,-0.05231939
32.76,-0.04795944112
32.765,-0.04359949224
32.77,-0.0305196456
32.775,-0.01307984664
32.78,-0.01307984664
32.785,-0.02615969672
32.79,-0.02615969672
32.795,-0.00435994888
32.8,0.03487959448
32.805,0.0610392912
32.81,0.0610392912
32.815,0.03923954336
32.82,0.008719897759999999
32.825,-0.02615969672
32.83,-0.05231939
32.835,-0.04795944112
32.84,0
32.845,0.04795944112
32.85,0.0828390356
32.855,0.10027883456
32.86,0.10027883456
32.865,0.04795944112
32.87,-0.02615969672
32.875,-0.07411913784
32.88,-0.08719898448000001
32.885,-0.07847908671999999
32.89,-0.05667934232000001
32.895,-0.01743979552
32.9,0.02615969672
32.905,0.04359949224
32.91,0.0305196456
32.915,0
32.92,-0.0305196456
32.925,-0.05667934232000001
32.93,-0.06539924008
32.935,-0.0610392912
32.94,-0.05667934232000001
32.945,-0.0610392912
32.95,-0.07411913784
32.955,-0.07411913784
32.96,-0.05667934232000001
32.965,-0.03487959448
32.97,-0.02615969672
32.975,-0.01307984664
32.98,0.01307984664
32.985,0.03487959448
32.99,0.04359949224
32.995,0.03923954336
33,0.03487959448
33.005,0.03923954336
33.01,0.04359949224
33.015,0.03487959448
33.02,0.0305196456
33.025,0.03923954336
33.03,0.07411913784
33.035,0.10027883456
33.04,0.06975918896
33.045,-0.008719897759999999
33.05,-0.07411913784
33.055,-0.0828390356
33.06,-0.05231939
33.065,-0.03923954336
33.07,-0.04795944112
33.075,-0.0305196456
33.08,0.01743979552
33.085,0.0610392912
33.09,0.07411913784
33.095,0.04795944112
33.1,0
33.105,-0.0305196456
33.11,-0.04795944112
33.115,-0.0610392912
33.12,-0.06975918896
33.125,-0.06975918896
33.13,-0.05231939
33.135,0
33.14,0.0828390356
33.145,0.15259822456
33.15,0.15695817344
33.155,0.12643853128
33.16,0.10463878344
33.165,0.07847908671999999
33.17,0.0305196456
33.175,-0.02615969672
33.18,-0.04359949224
33.185,-0.03923954336
33.19,-0.07411913784
33.195,-0.1438783268
33.2,-0.18311787016
33.205,-0.16131812576
33.21,-0.10027883456
33.215,0.01307984664
33.22,0.15695817344
33.225,0.22235741352
33.23,0.15259822456
33.235,0.0305196456
33.24,-0.04359949224
33.245,-0.07847908671999999
33.25,-0.09591888568
33.255,-0.09155893679999999
33.26,-0.06539924008
33.265,-0.04359949224
33.27,-0.02179974784
33.275,0.00435994888
33.28,0.02615969672
33.285,0.03923954336
33.29,0.06539924008
33.295,0.09155893679999999
33.3,0.08719898448000001
33.305,0.04359949224
33.31,-0.00435994888
33.315,-0.03487959448
33.32,-0.03487959448
33.325,-0.01307984664
33.33,0.008719897759999999
33.335,0.008719897759999999
33.34,-0.02615969672
33.345,-0.07411913784
33.35,-0.07411913784
33.355,-0.03487959448
33.36,0.00435994888
33.365,0
33.37,-0.01307984664
33.375,-0.00435994888
33.38,0.02615969672
33.385,0.05231939
33.39,0.0610392912
33.395,0.06539924008
33.4,0.06975918896
33.405,0.03923954336
33.41,-0.0305196456
33.415,-0.10463878344
33.42,-0.1133586812
33.425,-0.04795944112
33.43,0.02615969672
33.435,0.05667934232000001
33.44,0.06539924008
33.445,0.07847908671999999
33.45,0.06975918896
33.455,0.01743979552
33.46,-0.04359949224
33.465,-0.05667934232000001
33.47,-0.02615969672
33.475,0.00435994888
33.48,-0.00435994888
33.485,-0.01743979552
33.49,-0.008719897759999999
33.495,0.01307984664
33.5,0.02179974784
33.505,0.008719897759999999
33.51,0
33.515,0.00435994888
33.52,-0.00435994888
33.525,-0.03923954336
33.53,-0.04359949224
33.535,-0.00435994888
33.54,0.02179974784
33.545,0.01307984664
33.55,-0.00435994888
33.555,-0.008719897759999999
33.56,-0.01743979552
33.565,-0.0305196456
33.57,-0.01743979552
33.575,0.03923954336
33.58,0.09591888568
33.585,0.11771863008
33.59,0.07847908671999999
33.595,-0.00435994888
33.6,-0.06975918896
33.605,-0.09155893679999999
33.61,-0.06975918896
33.615,-0.02615969672
33.62,0.02615969672
33.625,0.07847908671999999
33.63,0.10899873232
33.635,0.09591888568
33.64,0.04795944112
33.645,0.02179974784
33.65,0.02615969672
33.655,0.008719897759999999
33.66,-0.05231939
33.665,-0.08719898448000001
33.67,-0.04795944112
33.675,0.05231939
33.68,0.13515842904
33.685,0.15259822456
33.69,0.1133586812
33.695,0.05667934232000001
33.7,0.00435994888
33.705,-0.03487959448
33.71,-0.05667934232000001
33.715,-0.03923954336
33.72,0.008719897759999999
33.725,0.01743979552
33.73,-0.01743979552
33.735,-0.03487959448
33.74,-0.00435994888
33.745,0.0305196456
33.75,0.01743979552
33.755,-0.0305196456
33.76,-0.05667934232000001
33.765,-0.05231939
33.77,-0.0305196456
33.775,0
33.78,0.05231939
33.785,0.08719898448000001
33.79,0.0610392912
33.795,-0.01307984664
33.8,-0.0828390356
33.805,-0.07411913784
33.81,0.00435994888
33.815,0.07847908671999999
33.82,0.08719898448000001
33.825,0.05667934232000001
33.83,0.04359949224
33.835,0.03923954336
33.84,0.00435994888
33.845,-0.01743979552
33.85,0.01307984664
33.855,0.0610392912
33.86,0.02615969672
33.865,-0.03923954336
33.87,-0.0305196456
33.875,0.0305196456
33.88,0.05231939
33.885,0.02615969672
33.89,0.00435994888
33.895,0.01307984664
33.9,0
33.905,-0.04795944112
33.91,-0.07411913784
33.915,-0.05231939
33.92,-0.02615969672
33.925,-0.04359949224
33.93,-0.07411913784
33.935,-0.04795944112
33.94,0.02179974784
33.945,0.0610392912
33.95,0.05231939
33.955,0.00435994888
33.96,-0.0610392912
33.965,-0.10463878344
33.97,-0.10463878344
33.975,-0.06539924008
33.98,-0.0305196456
33.985,-0.02615969672
33.99,-0.01307984664
33.995,0.03923954336
34,0.07847908671999999
34.005,0.05231939
34.01,0.00435994888
34.015,0
34.02,0.05667934232000001
34.025,0.12207857896
34.03,0.15259822456
34.035,0.12643853128
34.04,0.06539924008
34.045,-0.008719897759999999
34.05,-0.05667934232000001
34.055,-0.05231939
34.06,-0.01307984664
34.065,0.02179974784
34.07,0.03487959448
34.075,0.05231939
34.08,0.06539924008
34.085,0.05231939
34.09,0.00435994888
34.095,-0.0305196456
34.1,-0.03487959448
34.105,-0.008719897759999999
34.11,0.01307984664
34.115,0.008719897759999999
34.12,-0.01307984664
34.125,-0.0305196456
34.13,-0.02179974784
34.135,-0.01307984664
34.14,-0.008719897759999999
34.145,0.00435994888
34.15,0.02179974784
34.155,0.01307984664
34.16,-0.02179974784
34.165,-0.03487959448
34.17,-0.00435994888
34.175,0.02615969672
34.18,0.01307984664
34.185,-0.03923954336
34.19,-0.07847908671999999
34.195,-0.09155893679999999
34.2,-0.07847908671999999
34.205,-0.03487959448
34.21,0.0305196456
34.215,0.07847908671999999
34.22,0.06975918896
34.225,0.02179974784
34.23,-0.008719897759999999
34.235,0
34.24,0
34.245,-0.03923954336
34.25,-0.06975918896
34.255,-0.04795944112
34.26,0
34.265,0.01307984664
34.27,-0.01307984664
34.275,-0.008719897759999999
34.28,0.04359949224
34.285,0.09591888568
34.29,0.09155893679999999
34.295,0.04359949224
34.3,-0.00435994888
34.305,-0.01743979552
34.31,0.008719897759999999
34.315,0.05231939
34.32,0.07411913784
34.325,0.0610392912
34.33,0.02179974784
34.335,-0.03487959448
34.34,-0.10027883456
34.345,-0.1133586812
34.35,-0.07411913784
34.355,-0.01743979552
34.36,0.01743979552
34.365,0.02179974784
34.37,0.00435994888
34.375,-0.02179974784
34.38,-0.01743979552
34.385,0.008719897759999999
34.39,0.03487959448
34.395,0.04795944112
34.4,0.03923954336
34.405,0.008719897759999999
34.41,-0.01743979552
34.415,-0.01743979552
34.42,0
34.425,0.008719897759999999
34.43,0
34.435,-0.02615969672
34.44,-0.03487959448
34.445,-0.02615969672
34.45,-0.02615969672
34.455,-0.03923954336
34.46,-0.04359949224
34.465,-0.04795944112
34.47,-0.0610392912
34.475,-0.0610392912
34.48,-0.0305196456
34.485,0.01743979552
34.49,0.05667934232000001
34.495,0.0828390356
34.5,0.07847908671999999
34.505,0.0610392912
34.51,0.04795944112
34.515,0.05667934232000001
34.52,0.05231939
34.525,0.01307984664
34.53,-0.03487959448
34.535,-0.0610392912
34.54,-0.0610392912
34.545,-0.04359949224
34.55,-0.008719897759999999
34.555,0.04359949224
34.56,0.10899873232
34.565,0.13515842904
34.57,0.10027883456
34.575,0.008719897759999999
34.58,-0.0828390356
34.585,-0.11771863008
34.59,-0.07411913784
34.595,-0.01307984664
34.6,-0.02179974784
34.605,-0.07847908671999999
34.61,-0.09155893679999999
34.615,-0.0610392912
34.62,-0.02615969672
34.625,0.01307984664
34.63,0.0610392912
34.635,0.09591888568
34.64,0.08719898448000001
34.645,0.04359949224
34.65,-0.01307984664
34.655,-0.04359949224
34.66,-0.04795944112
34.665,-0.06975918896
34.67,-0.10899873232
34.675,-0.12643853128
34.68,-0.09591888568
34.685,-0.0305196456
34.69,0.01743979552
34.695,0.03923954336
34.7,0.05231939
34.705,0.06539924008
34.71,0.07847908671999999
34.715,0.05667934232000001
34.72,0.01743979552
34.725,-0.008719897759999999
34.73,-0.02179974784
34.735,-0.0305196456
34.74,-0.01743979552
34.745,0.02615969672
34.75,0.03487959448
34.755,-0.03923954336
34.76,-0.12207857896
34.765,-0.12643853128
34.77,-0.05231939
34.775,0.03923954336
34.78,0.10899873232
34.785,0.12207857896
34.79,0.06975918896
34.795,-0.01743979552
34.8,-0.08719898448000001
34.805,-0.09155893679999999
34.81,-0.03487959448
34.815,0.02179974784
34.82,0.04795944112
34.825,0.06539924008
34.83,0.0828390356
34.835,0.0828390356
34.84,0.06975918896
34.845,0.05231939
34.85,0.02615969672
34.855,-0.01307984664
34.86,-0.04359949224
34.865,-0.04795944112
34.87,-0.04359949224
34.875,-0.03923954336
34.88,-0.0305196456
34.885,-0.00435994888
34.89,0.0305196456
34.895,0.04359949224
34.9,0.008719897759999999
34.905,-0.02615969672
34.91,-0.0305196456
34.915,-0.008719897759999999
34.92,-0.01307984664
34.925,-0.03487959448
34.93,-0.05667934232000001
34.935,-0.05231939
34.94,-0.02179974784
34.945,0.008719897759999999
34.95,0.02615969672
34.955,0.03487959448
34.96,0.05667934232000001
34.965,0.0610392912
34.97,0.02179974784
34.975,-0.03487959448
34.98,-0.04795944112
34.985,-0.01743979552
34.99,0
34.995,-0.02179974784
35,-0.0305196456
35.005,0.01743979552
35.01,0.06539924008
35.015,0.05231939
35.02,-0.00435994888
35.025,-0.03923954336
35.03,-0.04359949224
35.035,-0.04795944112
35.04,-0.06539924008
35.045,-0.05231939
35.05,-0.01307984664
35.055,0.02179974784
35.06,0.04359949224
35.065,0.07411913784
35.07,0.08719898448000001
35.075,0.05231939
35.08,0.01307984664
35.085,0.0305196456
35.09,0.06975918896
35.095,0.04795944112
35.1,-0.05231939
35.105,-0.12643853128
35.11,-0.09155893679999999
35.115,-0.01307984664
35.12,0.01743979552
35.125,0.01743979552
35.13,0.01743979552
35.135,0.02615969672
35.14,0.03923954336
35.145,0.04795944112
35.15,0.04359949224
35.155,0.01743979552
35.16,-0.02179974784
35.165,-0.0610392912
35.17,-0.06539924008
35.175,-0.04359949224
35.18,-0.01307984664
35.185,0.008719897759999999
35.19,0.01307984664
35.195,-0.008719897759999999
35.2,-0.03487959448
35.205,-0.02179974784
35.21,0.01307984664
35.215,0.02179974784
35.22,-0.008719897759999999
35.225,-0.01743979552
35.23,0.02179974784
35.235,0.05667934232000001
35.24,0.04795944112
35.245,0.01743979552
35.25,0
35.255,0.02179974784
35.26,0.07411913784
35.265,0.15259822456
35.27,0.2267173624
35.275,0.20927756688
35.28,0.06975918896
35.285,-0.13079848016
35.29,-0.28339670472
35.295,-0.33571609472
35.3,-0.27031685808
35.305,-0.10899873232
35.31,0.03923954336
35.315,0.07847908671999999
35.32,0.03487959448
35.325,0
35.33,-0.02179974784
35.335,-0.10027883456
35.34,-0.19183776792
35.345,-0.17003802352
35.35,0.01307984664
35.355,0.23979721248
35.36,0.33571609472
35.365,0.30519645256
35.37,0.2267173624
35.375,0.06975918896
35.38,-0.15259822456
35.385,-0.3182762992
35.39,-0.32699619696
35.395,-0.2267173624
35.4,-0.10463878344
35.405,0.05231939
35.41,0.26159695688
35.415,0.4011153348
35.42,0.34007604704
35.425,0.13515842904
35.43,-0.04795944112
35.435,-0.1438783268
35.44,-0.23107731472
35.445,-0.29211660248
35.45,-0.19619772024
35.455,0.04795944112
35.46,0.26159695688
35.465,0.30955640144
35.47,0.23107731472
35.475,0.15259822456
35.48,0.0828390356
35.485,-0.05667934232000001
35.49,-0.257237008
35.495,-0.3705956892
35.5,-0.27467680696
35.505,-0.0305196456
35.51,0.17003802352
35.515,0.22235741352
35.52,0.1438783268
35.525,0.0305196456
35.53,-0.01743979552
35.535,0
35.54,0.04795944112
35.545,0.10027883456
35.55,0.13515842904
35.555,0.10027883456
35.56,-0.00435994888
35.565,-0.10027883456
35.57,-0.1133586812
35.575,-0.10463878344
35.58,-0.11771863008
35.585,-0.09591888568
35.59,-0.00435994888
35.595,0.07411913784
35.6,0.0305196456
35.605,-0.0828390356
35.61,-0.1133586812
35.615,-0.01743979552
35.62,0.09591888568
35.625,0.13951837792
35.63,0.13079848016
35.635,0.1438783268
35.64,0.17003802352
35.645,0.14823827568
35.65,0.05667934232000001
35.655,-0.02615969672
35.66,-0.07411913784
35.665,-0.09155893679999999
35.67,-0.08719898448000001
35.675,-0.05231939
35.68,0.008719897759999999
35.685,0.07411913784
35.69,0.08719898448000001
35.695,0.04795944112
35.7,-0.008719897759999999
35.705,-0.06975918896
35.71,-0.13515842904
35.715,-0.14823827568
35.72,-0.0610392912
35.725,0.05667934232000001
35.73,0.10027883456
35.735,0.05667934232000001
35.74,-0.008719897759999999
35.745,-0.04795944112
35.75,-0.07411913784
35.755,-0.06975918896
35.76,-0.01743979552
35.765,0.0610392912
35.77,0.09591888568
35.775,0.04795944112
35.78,0.01743979552
35.785,0.06539924008
35.79,0.14823827568
35.795,0.14823827568
35.8,0.04359949224
35.805,-0.09155893679999999
35.81,-0.16567807464
35.815,-0.1743979724
35.82,-0.13515842904
35.825,-0.05231939
35.83,0.06975918896
35.835,0.18311787016
35.84,0.19183776792
35.845,0.09155893679999999
35.85,-0.00435994888
35.855,-0.04795944112
35.86,-0.09155893679999999
35.865,-0.13951837792
35.87,-0.14823827568
35.875,-0.10463878344
35.88,-0.0610392912
35.885,-0.0305196456
35.89,0.02615969672
35.895,0.10463878344
35.9,0.12643853128
35.905,0.07847908671999999
35.91,0.04359949224
35.915,0.04359949224
35.92,0.0305196456
35.925,-0.02179974784
35.93,-0.05231939
35.935,-0.008719897759999999
35.94,0.0610392912
35.945,0.07411913784
35.95,0.008719897759999999
35.955,-0.07411913784
35.96,-0.10463878344
35.965,-0.0610392912
35.97,0
35.975,0.0305196456
35.98,0.04795944112
35.985,0.07847908671999999
35.99,0.09155893679999999
35.995,0.01743979552
36,-0.09155893679999999
36.005,-0.13951837792
36.01,-0.07847908671999999
36.015,0.01307984664
36.02,0.04359949224
36.025,-0.01743979552
36.03,-0.06975918896
36.035,-0.05231939
36.04,-0.02179974784
36.045,-0.03487959448
36.05,-0.08719898448000001
36.055,-0.11771863008
36.06,-0.09591888568
36.065,-0.03923954336
36.07,0.03487959448
36.075,0.09591888568
36.08,0.13515842904
36.085,0.13951837792
36.09,0.09591888568
36.095,0.02615969672
36.1,-0.0305196456
36.105,-0.05667934232000001
36.11,-0.04795944112
36.115,-0.05667934232000001
36.12,-0.1133586812
36.125,-0.17003802352
36.13,-0.14823827568
36.135,-0.05231939
36.14,0.02615969672
36.145,0.05231939
36.15,0.07411913784
36.155,0.10899873232
36.16,0.13515842904
36.165,0.12643853128
36.17,0.10027883456
36.175,0.07411913784
36.18,0.03923954336
36.185,0
36.19,-0.03923954336
36.195,-0.0610392912
36.2,-0.04795944112
36.205,-0.02615969672
36.21,-0.02179974784
36.215,-0.02615969672
36.22,-0.01743979552
36.225,0.01743979552
36.23,0.04795944112
36.235,0.05231939
36.24,0.03487959448
36.245,0.00435994888
36.25,-0.04359949224
36.255,-0.10027883456
36.26,-0.11771863008
36.265,-0.06539924008
36.27,0.01307984664
36.275,0.05667934232000001
36.28,0.05231939
36.285,0.0305196456
36.29,0.01307984664
36.295,0
36.3,0.02615969672
36.305,0.0828390356
36.31,0.08719898448000001
36.315,0.00435994888
36.32,-0.09591888568
36.325,-0.13951837792
36.33,-0.11771863008
36.335,-0.05231939
36.34,0.02615969672
36.345,0.07411913784
36.35,0.06975918896
36.355,0.01307984664
36.36,-0.04795944112
36.365,-0.07411913784
36.37,-0.06975918896
36.375,-0.04359949224
36.38,-0.00435994888
36.385,0.0305196456
36.39,0.03923954336
36.395,0.0305196456
36.4,0.0305196456
36.405,0.05231939
36.41,0.06539924008
36.415,0.0305196456
36.42,-0.03923954336
36.425,-0.10463878344
36.43,-0.12207857896
36.435,-0.07847908671999999
36.44,0
36.445,0.04795944112
36.45,0.04359949224
36.455,-0.00435994888
36.46,-0.04359949224
36.465,-0.04795944112
36.47,-0.01307984664
36.475,0.02179974784
36.48,0.04359949224
36.485,0.05667934232000001
36.49,0.04795944112
36.495,0.0305196456
36.5,0.0305196456
36.505,0.04359949224
36.51,0.02179974784
36.515,-0.03487959448
36.52,-0.07411913784
36.525,-0.05667934232000001
36.53,-0.0305196456
36.535,-0.03487959448
36.54,-0.05231939
36.545,-0.03487959448
36.55,0.00435994888
36.555,0.02179974784
36.56,0.01307984664
36.565,-0.008719897759999999
36.57,-0.0305196456
36.575,-0.05667934232000001
36.58,-0.07411913784
36.585,-0.05667934232000001
36.59,-0.01743979552
36.595,0.01307984664
36.6,0.04359949224
36.605,0.08719898448000001
36.61,0.11771863008
36.615,0.11771863008
36.62,0.11771863008
36.625,0.12643853128
36.63,0.0828390356
36.635,-0.008719897759999999
36.64,-0.09155893679999999
36.645,-0.1133586812
36.65,-0.06975918896
36.655,-0.01307984664
36.66,0.02615969672
36.665,0.0610392912
36.67,0.07847908671999999
36.675,0.05667934232000001
36.68,0.008719897759999999
36.685,-0.03923954336
36.69,-0.09155893679999999
36.695,-0.13079848016
36.7,-0.11771863008
36.705,-0.05231939
36.71,0.01743979552
36.715,0.06539924008
36.72,0.09155893679999999
36.725,0.07847908671999999
36.73,0.02615969672
36.735,-0.03487959448
36.74,-0.0610392912
36.745,-0.04359949224
36.75,-0.0305196456
36.755,-0.04359949224
36.76,-0.06539924008
36.765,-0.07411913784
36.77,-0.05667934232000001
36.775,-0.0305196456
36.78,-0.01307984664
36.785,0.00435994888
36.79,0.0305196456
36.795,0.04795944112
36.8,0.04359949224
36.805,0.03487959448
36.81,0.02615969672
36.815,0.02179974784
36.82,0.00435994888
36.825,-0.01743979552
36.83,-0.01307984664
36.835,0.008719897759999999
36.84,0.01307984664
36.845,0.01307984664
36.85,0.03923954336
36.855,0.07411913784
36.86,0.06539924008
36.865,0.02179974784
36.87,-0.02615969672
36.875,-0.06539924008
36.88,-0.0828390356
36.885,-0.07847908671999999
36.89,-0.04359949224
36.895,0
36.9,0.00435994888
36.905,-0.0305196456
36.91,-0.05667934232000001
36.915,-0.0305196456
36.92,0.01743979552
36.925,0.05231939
36.93,0.0610392912
36.935,0.03923954336
36.94,0
36.945,-0.03487959448
36.95,-0.04795944112
36.955,-0.04359949224
36.96,-0.04359949224
36.965,-0.05231939
36.97,-0.05231939
36.975,-0.0305196456
36.98,0
36.985,0.01307984664
36.99,0.02179974784
36.995,0.05231939
37,0.07847908671999999
37.005,0.08719898448000001
37.01,0.07847908671999999
37.015,0.07411913784
37.02,0.0828390356
37.025,0.08719898448000001
37.03,0.0610392912
37.035,0
37.04,-0.05667934232000001
37.045,-0.06539924008
37.05,-0.04359949224
37.055,-0.03487959448
37.06,-0.05667934232000001
37.065,-0.07847908671999999
37.07,-0.07411913784
37.075,-0.0610392912
37.08,-0.0610392912
37.085,-0.0610392912
37.09,-0.00435994888
37.095,0.09155893679999999
37.1,0.17003802352
37.105,0.17875792128
37.11,0.1133586812
37.115,0.04795944112
37.12,0.01743979552
37.125,0.00435994888
37.13,-0.01307984664
37.135,-0.03487959448
37.14,-0.05667934232000001
37.145,-0.07847908671999999
37.15,-0.09155893679999999
37.155,-0.08719898448000001
37.16,-0.03923954336
37.165,0.03923954336
37.17,0.10463878344
37.175,0.11771863008
37.18,0.08719898448000001
37.185,0.03923954336
37.19,-0.00435994888
37.195,-0.03487959448
37.2,-0.04795944112
37.205,-0.05231939
37.21,-0.0305196456
37.215,0.02179974784
37.22,0.06975918896
37.225,0.06539924008
37.23,0.01743979552
37.235,-0.0305196456
37.24,-0.05231939
37.245,-0.05667934232000001
37.25,-0.04359949224
37.255,-0.01307984664
37.26,0.01307984664
37.265,0
37.27,-0.0305196456
37.275,-0.02179974784
37.28,0.02615969672
37.285,0.0610392912
37.29,0.06975918896
37.295,0.0610392912
37.3,0.03923954336
37.305,0
37.31,-0.03487959448
37.315,-0.07411913784
37.32,-0.10463878344
37.325,-0.09591888568
37.33,-0.06975918896
37.335,-0.04359949224
37.34,-0.02179974784
37.345,-0.00435994888
37.35,-0.01743979552
37.355,-0.03487959448
37.36,-0.01307984664
37.365,0.02615969672
37.37,0.03487959448
37.375,0.01743979552
37.38,0.00435994888
37.385,0.00435994888
37.39,0.00435994888
37.395,-0.008719897759999999
37.4,-0.0305196456
37.405,-0.04359949224
37.41,-0.05667934232000001
37.415,-0.05667934232000001
37.42,-0.03923954336
37.425,0.00435994888
37.43,0.05231939
37.435,0.07411913784
37.44,0.05231939
37.445,0.008719897759999999
37.45,-0.02179974784
37.455,-0.02179974784
37.46,-0.01743979552
37.465,-0.01307984664
37.47,-0.02179974784
37.475,-0.03923954336
37.48,-0.05667934232000001
37.485,-0.05667934232000001
37.49,-0.05667934232000001
37.495,-0.05667934232000001
37.5,-0.05667934232000001
37.505,-0.04359949224
37.51,-0.01743979552
37.515,0.00435994888
37.52,-0.008719897759999999
37.525,-0.02615969672
37.53,-0.01307984664
37.535,0.03487959448
37.54,0.06539924008
37.545,0.07411913784
37.55,0.0828390356
37.555,0.0828390356
37.56,0.0610392912
37.565,0.008719897759999999
37.57,-0.03923954336
37.575,-0.03923954336
37.58,0
37.585,0.02179974784
37.59,0
37.595,-0.04359949224
37.6,-0.05667934232000001
37.605,-0.0610392912
37.61,-0.08719898448000001
37.615,-0.10899873232
37.62,-0.09155893679999999
37.625,-0.04795944112
37.63,-0.008719897759999999
37.635,0.008719897759999999
37.64,0.0305196456
37.645,0.04359949224
37.65,0.02615969672
37.655,-0.008719897759999999
37.66,-0.03487959448
37.665,-0.04359949224
37.67,-0.03923954336
37.675,-0.01307984664
37.68,0.03487959448
37.685,0.06539924008
37.69,0.04359949224
37.695,-0.008719897759999999
37.7,-0.03487959448
37.705,-0.01743979552
37.71,-0.00435994888
37.715,-0.008719897759999999
37.72,-0.00435994888
37.725,0.0305196456
37.73,0.0828390356
37.735,0.1133586812
37.74,0.0828390356
37.745,0.01743979552
37.75,-0.03487959448
37.755,-0.03487959448
37.76,-0.01743979552
37.765,-0.008719897759999999
37.77,-0.01743979552
37.775,-0.0305196456
37.78,-0.01743979552
37.785,0.01743979552
37.79,0.04359949224
37.795,0.03923954336
37.8,0.01743979552
37.805,0.00435994888
37.81,0.008719897759999999
37.815,-0.008719897759999999
37.82,-0.04359949224
37.825,-0.04795944112
37.83,-0.02615969672
37.835,0.01307984664
37.84,0.04359949224
37.845,0.03487959448
37.85,-0.02179974784
37.855,-0.10463878344
37.86,-0.1438783268
37.865,-0.11771863008
37.87,-0.04359949224
37.875,0.02179974784
37.88,0.05231939
37.885,0.04359949224
37.89,0.0305196456
37.895,0.01743979552
37.9,0.00435994888
37.905,0.00435994888
37.91,0.008719897759999999
37.915,-0.00435994888
37.92,-0.00435994888
37.925,0.03487959448
37.93,0.09155893679999999
37.935,0.10463878344
37.94,0.06975918896
37.945,0.01307984664
37.95,-0.0305196456
37.955,-0.06975918896
37.96,-0.09155893679999999
37.965,-0.09155893679999999
37.97,-0.07847908671999999
37.975,-0.04795944112
37.98,-0.008719897759999999
37.985,0.04359949224
37.99,0.09155893679999999
37.995,0.09591888568
38,0.03487959448
38.005,-0.03487959448
38.01,-0.0610392912
38.015,-0.04795944112
38.02,-0.05231939
38.025,-0.07411913784
38.03,-0.0828390356
38.035,-0.07847908671999999
38.04,-0.06975918896
38.045,-0.0610392912
38.05,-0.03923954336
38.055,-0.008719897759999999
38.06,0.01743979552
38.065,0.04359949224
38.07,0.07847908671999999
38.075,0.09591888568
38.08,0.06975918896
38.085,0.02615969672
38.09,0.01307984664
38.095,0.008719897759999999
38.1,-0.01307984664
38.105,-0.05231939
38.11,-0.05667934232000001
38.115,-0.02615969672
38.12,0.02179974784
38.125,0.0610392912
38.13,0.06975918896
38.135,0.05667934232000001
38.14,0.0305196456
38.145,0.00435994888
38.15,-0.02179974784
38.155,-0.03487959448
38.16,-0.03923954336
38.165,-0.04795944112
38.17,-0.05667934232000001
38.175,-0.04359949224
38.18,0
38.185,0.04795944112
38.19,0.07411913784
38.195,0.0610392912
38.2,0.03487959448
38.205,0.0305196456
38.21,0.03923954336
38.215,0.04359949224
38.22,0.04359949224
38.225,0.05667934232000001
38.23,0.0610392912
38.235,0.01743979552
38.24,-0.05231939
38.245,-0.09155893679999999
38.25,-0.0828390356
38.255,-0.04795944112
38.26,-0.01743979552
38.265,0
38.27,0.01307984664
38.275,0.01743979552
38.28,0.01743979552
38.285,0.03487959448
38.29,0.0828390356
38.295,0.13515842904
38.3,0.1438783268
38.305,0.09591888568
38.31,-0.008719897759999999
38.315,-0.1133586812
38.32,-0.13515842904
38.325,-0.07847908671999999
38.33,-0.03487959448
38.335,-0.01307984664
38.34,0.03487959448
38.345,0.09155893679999999
38.35,0.10463878344
38.355,0.06975918896
38.36,0.03487959448
38.365,0.02179974784
38.37,0.008719897759999999
38.375,-0.008719897759999999
38.38,-0.01307984664
38.385,-0.00435994888
38.39,-0.00435994888
38.395,-0.02615969672
38.4,-0.04795944112
38.405,-0.04359949224
38.41,-0.01307984664
38.415,0.02179974784
38.42,0.04795944112
38.425,0.06975918896
38.43,0.06975918896
38.435,0.0305196456
38.44,-0.02179974784
38.445,-0.0610392912
38.45,-0.08719898448000001
38.455,-0.10899873232
38.46,-0.10899873232
38.465,-0.08719898448000001
38.47,-0.05231939
38.475,-0.00435994888
38.48,0.05231939
38.485,0.09591888568
38.49,0.10027883456
38.495,0.07411913784
38.5,0.0305196456
38.505,0
38.51,-0.01743979552
38.515,-0.03487959448
38.52,-0.04795944112
38.525,-0.05667934232000001
38.53,-0.0610392912
38.535,-0.06975918896
38.54,-0.0610392912
38.545,-0.01743979552
38.55,0.03487959448
38.555,0.06539924008
38.56,0.05667934232000001
38.565,0.04359949224
38.57,0.0305196456
38.575,0.00435994888
38.58,-0.03487959448
38.585,-0.04359949224
38.59,-0.02615969672
38.595,-0.01307984664
38.6,-0.03487959448
38.605,-0.05667934232000001
38.61,-0.05231939
38.615,-0.0305196456
38.62,-0.008719897759999999
38.625,0.02615969672
38.63,0.06539924008
38.635,0.0828390356
38.64,0.07411913784
38.645,0.04795944112
38.65,0.02179974784
38.655,-0.00435994888
38.66,-0.04359949224
38.665,-0.07847908671999999
38.67,-0.10027883456
38.675,-0.11771863008
38.68,-0.13079848016
38.685,-0.11771863008
38.69,-0.07411913784
38.695,-0.0305196456
38.7,-0.00435994888
38.705,0.02179974784
38.71,0.0610392912
38.715,0.10899873232
38.72,0.1438783268
38.725,0.16567807464
38.73,0.16131812576
38.735,0.13079848016
38.74,0.06539924008
38.745,-0.02179974784
38.75,-0.11771863008
38.755,-0.1743979724
38.76,-0.18311787016
38.765,-0.1438783268
38.77,-0.07411913784
38.775,-0.008719897759999999
38.78,0.01743979552
38.785,0.02179974784
38.79,0.03923954336
38.795,0.05231939
38.8,0.03923954336
38.805,0.01307984664
38.81,0.00435994888
38.815,0.01743979552
38.82,0.02615969672
38.825,0.008719897759999999
38.83,-0.008719897759999999
38.835,0
38.84,0.01743979552
38.845,0.01743979552
38.85,-0.01307984664
38.855,-0.05231939
38.86,-0.06975918896
38.865,-0.04359949224
38.87,0.01307984664
38.875,0.05667934232000001
38.88,0.0828390356
38.885,0.10027883456
38.89,0.10899873232
38.895,0.07847908671999999
38.9,0.00435994888
38.905,-0.05231939
38.91,-0.0828390356
38.915,-0.09155893679999999
38.92,-0.06539924008
38.925,-0.008719897759999999
38.93,0.0305196456
38.935,0.0305196456
38.94,0.01743979552
38.945,0.01307984664
38.95,0.01307984664
38.955,-0.01743979552
38.96,-0.06539924008
38.965,-0.0828390356
38.97,-0.04795944112
38.975,-0.00435994888
38.98,0.01743979552
38.985,0.02179974784
38.99,0.0305196456
38.995,0.03487959448
39,0.0305196456
39.005,0.02179974784
39.01,0.00435994888
39.015,-0.01307984664
39.02,-0.0305196456
39.025,-0.02179974784
39.03,-0.00435994888
39.035,0.01307984664
39.04,0.00435994888
39.045,-0.02179974784
39.05,-0.0305196456
39.055,-0.00435994888
39.06,0.01743979552
39.065,0.02179974784
39.07,0.02615969672
39.075,0.04795944112
39.08,0.04795944112
39.085,0.0305196456
39.09,0.02179974784
39.095,0.0305196456
39.1,0.03923954336
39.105,0.02615969672
39.11,0.00435994888
39.115,-0.01307984664
39.12,-0.0305196456
39.125,-0.0610392912
39.13,-0.0828390356
39.135,-0.0610392912
39.14,-0.008719897759999999
39.145,0.01743979552
39.15,0.00435994888
39.155,0
39.16,0.02179974784
39.165,0.03487959448
39.17,0.01743979552
39.175,-0.008719897759999999
39.18,-0.03487959448
39.185,-0.03923954336
39.19,-0.02615969672
39.195,-0.008719897759999999
39.2,0.00435994888
39.205,0.008719897759999999
39.21,0.008719897759999999
39.215,0.01307984664
39.22,0
39.225,-0.02179974784
39.23,-0.02615969672
39.235,-0.008719897759999999
39.24,0.008719897759999999
39.245,0.008719897759999999
39.25,0.00435994888
39.255,0.008719897759999999
39.26,0.008719897759999999
39.265,0
39.27,-0.01307984664
39.275,-0.01743979552
39.28,-0.01307984664
39.285,-0.008719897759999999
39.29,0
39.295,0.02179974784
39.3,0.04795944112
39.305,0.06539924008
39.31,0.06975918896
39.315,0.05231939
39.32,0.03487959448
39.325,0.01743979552
39.33,0.00435994888
39.335,-0.01307984664
39.34,-0.01743979552
39.345,-0.02615969672
39.35,-0.04795944112
39.355,-0.05231939
39.36,-0.01307984664
39.365,0.03487959448
39.37,0.05667934232000001
39.375,0.06539924008
39.38,0.05231939
39.385,0.0305196456
39.39,0.008719897759999999
39.395,-0.01307984664
39.4,-0.02179974784
39.405,-0.01743979552
39.41,-0.02179974784
39.415,-0.04359949224
39.42,-0.0610392912
39.425,-0.04359949224
39.43,0
39.435,0.02615969672
39.44,0.02179974784
39.445,0.008719897759999999
39.45,0.008719897759999999
39.455,0.00435994888
39.46,-0.02615969672
39.465,-0.04795944112
39.47,-0.04359949224
39.475,-0.02615969672
39.48,-0.00435994888
39.485,0.01743979552
39.49,0.01743979552
39.495,0.008719897759999999
39.5,0.01743979552
39.505,0.05667934232000001
39.51,0.07847908671999999
39.515,0.06975918896
39.52,0.02615969672
39.525,-0.0305196456
39.53,-0.05231939
39.535,-0.03923954336
39.54,-0.02179974784
39.545,-0.02615969672
39.55,-0.03487959448
39.555,-0.01743979552
39.56,0.01743979552
39.565,0.02615969672
39.57,0.00435994888
39.575,0.008719897759999999
39.58,0.05231939
39.585,0.08719898448000001
39.59,0.06975918896
39.595,0.02615969672
39.6,-0.02179974784
39.605,-0.0610392912
39.61,-0.0610392912
39.615,-0.0305196456
39.62,0
39.625,0.008719897759999999
39.63,0.01743979552
39.635,0.0305196456
39.64,0.008719897759999999
39.645,-0.03487959448
39.65,-0.04795944112
39.655,-0.02179974784
39.66,-0.00435994888
39.665,-0.01743979552
39.67,-0.03487959448
39.675,-0.008719897759999999
39.68,0.05231939
39.685,0.08719898448000001
39.69,0.07411913784
39.695,0.04795944112
39.7,0.04359949224
39.705,0.03487959448
39.71,-0.008719897759999999
39.715,-0.05231939
39.72,-0.05231939
39.725,-0.03487959448
39.73,-0.05231939
39.735,-0.10027883456
39.74,-0.12207857896
39.745,-0.09155893679999999
39.75,-0.04359949224
39.755,0.008719897759999999
39.76,0.0828390356
39.765,0.17003802352
39.77,0.204917618
39.775,0.14823827568
39.78,0.07847908671999999
39.785,0.0305196456
39.79,-0.01743979552
39.795,-0.04795944112
39.8,-0.03487959448
39.805,-0.008719897759999999
39.81,-0.0305196456
39.815,-0.06975918896
39.82,-0.07847908671999999
39.825,-0.04795944112
39.83,-0.02615969672
39.835,-0.01743979552
39.84,-0.01743979552
39.845,-0.008719897759999999
39.85,0.02615969672
39.855,0.05667934232000001
39.86,0.06539924008
39.865,0.05667934232000001
39.87,0.04795944112
39.875,0.01743979552
39.88,-0.01743979552
39.885,-0.0305196456
39.89,-0.02615969672
39.895,-0.00435994888
39.9,0.01307984664
39.905,0
39.91,-0.01307984664
39.915,0.01743979552
39.92,0.0610392912
39.925,0.05231939
39.93,0.008719897759999999
39.935,-0.01743979552
39.94,-0.00435994888
39.945,0.008719897759999999
39.95,0
39.955,-0.02615969672
39.96,-0.03487959448
39.965,-0.03487959448
39.97,-0.04795944112
39.975,-0.06539924008
39.98,-0.05231939
39.985,-0.01307984664
39.99,0.008719897759999999
39.995,0.01743979552
40,0.01743979552
40.005,0.008719897759999999
40.01,-0.008719897759999999
40.015,-0.008719897759999999
40.02,0.02179974784
40.025,0.05231939
40.03,0.05231939
40.035,0.02615969672
40.04,0.008719897759999999
40.045,-0.008719897759999999
40.05,-0.0305196456
40.055,-0.04795944112
40.06,-0.05231939
40.065,-0.05231939
40.07,-0.06539924008
40.075,-0.06975918896
40.08,-0.05231939
40.085,0
40.09,0.0610392912
40.095,0.1133586812
40.1,0.13515842904
40.105,0.1133586812
40.11,0.07411913784
40.115,0.04359949224
40.12,0.01743979552
40.125,-0.01307984664
40.13,-0.05231939
40.135,-0.0828390356
40.14,-0.09591888568
40.145,-0.09155893679999999
40.15,-0.07411913784
40.155,-0.03487959448
40.16,0.0305196456
40.165,0.09155893679999999
40.17,0.12207857896
40.175,0.11771863008
40.18,0.08719898448000001
40.185,0.03923954336
40.19,0.008719897759999999
40.195,0.008719897759999999
40.2,0.008719897759999999
40.205,-0.02179974784
40.21,-0.0610392912
40.215,-0.06975918896
40.22,-0.05667934232000001
40.225,-0.05231939
40.23,-0.04795944112
40.235,-0.008719897759999999
40.24,0.03923954336
40.245,0.04795944112
40.25,0.01307984664
40.255,-0.02615969672
40.26,-0.03487959448
40.265,-0.02179974784
40.27,-0.00435994888
40.275,0.00435994888
40.28,-0.008719897759999999
40.285,-0.03487959448
40.29,-0.03923954336
40.295,-0.008719897759999999
40.3,0.03487959448
40.305,0.05231939
40.31,0.02615969672
40.315,-0.008719897759999999
40.32,-0.02615969672
40.325,-0.02615969672
40.33,-0.01307984664
40.335,0.02615969672
40.34,0.0828390356
40.345,0.1133586812
40.35,0.07847908671999999
40.355,0.008719897759999999
40.36,-0.03487959448
40.365,-0.03923954336
40.37,-0.03487959448
40.375,-0.0305196456
40.38,-0.04359949224
40.385,-0.07411913784
40.39,-0.10463878344
40.395,-0.10027883456
40.4,-0.0610392912
40.405,-0.008719897759999999
40.41,0.03487959448
40.415,0.05231939
40.42,0.03487959448
40.425,0.008719897759999999
40.43,0.01307984664
40.435,0.03487959448
40.44,0.05231939
40.445,0.03923954336
40.45,0
40.455,-0.0305196456
40.46,-0.0305196456
40.465,-0.008719897759999999
40.47,-0.00435994888
40.475,-0.02615969672
40.48,-0.05667934232000001
40.485,-0.06975918896
40.49,-0.05231939
40.495,-0.01743979552
40.5,0.01743979552
40.505,0.0305196456
40.51,0.008719897759999999
40.515,-0.02179974784
40.52,-0.0305196456
40.525,-0.00435994888
40.53,0.01743979552
40.535,0.01743979552
40.54,0
40.545,-0.01743979552
40.55,-0.0305196456
40.555,-0.03487959448
40.56,-0.03487959448
40.565,-0.03487959448
40.57,-0.02179974784
40.575,-0.00435994888
40.58,0.00435994888
40.585,0
40.59,-0.01307984664
40.595,-0.008719897759999999
40.6,0.01307984664
40.605,0.04359949224
40.61,0.06539924008
40.615,0.06975918896
40.62,0.04795944112
40.625,0.02615969672
40.63,0.01307984664
40.635,0.01307984664
40.64,0
40.645,-0.03923954336
40.65,-0.09155893679999999
40.655,-0.10899873232
40.66,-0.06539924008
40.665,-0.00435994888
40.67,0.02615969672
40.675,0.0305196456
40.68,0.01743979552
40.685,0.00435994888
40.69,0.008719897759999999
40.695,0.008719897759999999
40.7,-0.00435994888
40.705,-0.01743979552
40.71,-0.03923954336
40.715,-0.06539924008
40.72,-0.06975918896
40.725,-0.02615969672
40.73,0.02179974784
40.735,0.0305196456
40.74,0.01743979552
40.745,0.02179974784
40.75,0.02615969672
40.755,0.02615969672
40.76,0.02615969672
40.765,0.01307984664
40.77,-0.00435994888
40.775,-0.00435994888
40.78,0.01307984664
40.785,0.0305196456
40.79,0.0305196456
40.795,0.0305196456
40.8,0.03487959448
40.805,0.03923954336
40.81,0.03487959448
40.815,0.02615969672
40.82,0
40.825,-0.02179974784
40.83,-0.02179974784
40.835,0.008719897759999999
40.84,0.03923954336
40.845,0.03923954336
40.85,0.008719897759999999
40.855,-0.0305196456
40.86,-0.05667934232000001
40.865,-0.05667934232000001
40.87,-0.03487959448
40.875,-0.00435994888
40.88,0.03923954336
40.885,0.06539924008
40.89,0.04359949224
40.895,-0.008719897759999999
40.9,-0.03923954336
40.905,-0.04359949224
40.91,-0.01743979552
40.915,0.03487959448
40.92,0.07411913784
40.925,0.04359949224
40.93,-0.03487959448
40.935,-0.07411913784
40.94,-0.06975918896
40.945,-0.06539924008
40.95,-0.06539924008
40.955,-0.03923954336
40.96,-0.00435994888
40.965,-0.00435994888
40.97,-0.01307984664
40.975,-0.008719897759999999
40.98,0.00435994888
40.985,-0.00435994888
40.99,-0.02615969672
40.995,-0.0305196456
41,0
41.005,0.03487959448
41.01,0.03923954336
41.015,0.01307984664
41.02,-0.01307984664
41.025,-0.01743979552
41.03,-0.01743979552
41.035,-0.008719897759999999
41.04,-0.00435994888
41.045,0.01307984664
41.05,0.04359949224
41.055,0.06539924008
41.06,0.05231939
41.065,0.03487959448
41.07,0.0305196456
41.075,0.02179974784
41.08,-0.008719897759999999
41.085,-0.04795944112
41.09,-0.06975918896
41.095,-0.07411913784
41.1,-0.06539924008
41.105,-0.04795944112
41.11,0.00435994888
41.115,0.07411913784
41.12,0.10463878344
41.125,0.06975918896
41.13,0.008719897759999999
41.135,-0.02179974784
41.14,-0.03923954336
41.145,-0.05231939
41.15,-0.0305196456
41.155,0.01743979552
41.16,0.05231939
41.165,0.04359949224
41.17,0.02615969672
41.175,0.0305196456
41.18,0.04359949224
41.185,0.0305196456
41.19,-0.02179974784
41.195,-0.07847908671999999
41.2,-0.10027883456
41.205,-0.0828390356
41.21,-0.06975918896
41.215,-0.06975918896
41.22,-0.05231939
41.225,-0.01307984664
41.23,-0.00435994888
41.235,-0.01307984664
41.24,0.008719897759999999
41.245,0.05667934232000001
41.25,0.0828390356
41.255,0.04795944112
41.26,-0.008719897759999999
41.265,-0.04359949224
41.27,-0.05231939
41.275,-0.04359949224
41.28,-0.0305196456
41.285,-0.01743979552
41.29,-0.01307984664
41.295,0.008719897759999999
41.3,0.06539924008
41.305,0.10463878344
41.31,0.07847908671999999
41.315,0.01743979552
41.32,-0.01743979552
41.325,-0.0305196456
41.33,-0.03923954336
41.335,-0.03487959448
41.34,0
41.345,0.04795944112
41.35,0.06539924008
41.355,0.03487959448
41.36,-0.01307984664
41.365,-0.03923954336
41.37,-0.03923954336
41.375,-0.03923954336
41.38,-0.04359949224
41.385,-0.04359949224
41.39,-0.03923954336
41.395,-0.0305196456
41.4,-0.008719897759999999
41.405,0.02179974784
41.41,0.04359949224
41.415,0.05231939
41.42,0.04795944112
41.425,0.02615969672
41.43,-0.008719897759999999
41.435,-0.03923954336
41.44,-0.03923954336
41.445,-0.02615969672
41.45,-0.01743979552
41.455,0.00435994888
41.46,0.02615969672
41.465,0.0305196456
41.47,0.008719897759999999
41.475,-0.0305196456
41.48,-0.04359949224
41.485,-0.01743979552
41.49,0.02615969672
41.495,0.04359949224
41.5,0.01743979552
41.505,-0.02615969672
41.51,-0.04795944112
41.515,-0.03487959448
41.52,-0.00435994888
41.525,0
41.53,-0.01743979552
41.535,-0.02179974784
41.54,-0.00435994888
41.545,0
41.55,-0.008719897759999999
41.555,-0.01743979552
41.56,-0.01743979552
41.565,-0.0305196456
41.57,-0.05667934232000001
41.575,-0.07411913784
41.58,-0.07411913784
41.585,-0.05667934232000001
41.59,-0.02179974784
41.595,0.008719897759999999
41.6,0.02615969672
41.605,0.03487959448
41.61,0.0305196456
41.615,0.02179974784
41.62,0.00435994888
41.625,0
41.63,0.008719897759999999
41.635,0.01743979552
41.64,0
41.645,-0.03923954336
41.65,-0.06539924008
41.655,-0.06539924008
41.66,-0.04359949224
41.665,-0.01307984664
41.67,0.01743979552
41.675,0.0305196456
41.68,0.02615969672
41.685,0.02615969672
41.69,0.04359949224
41.695,0.05667934232000001
41.7,0.04795944112
41.705,0.0305196456
41.71,0.008719897759999999
41.715,-0.01743979552
41.72,-0.05231939
41.725,-0.07411913784
41.73,-0.0610392912
41.735,-0.00435994888
41.74,0.05231939
41.745,0.07411913784
41.75,0.06539924008
41.755,0.05231939
41.76,0.04359949224
41.765,0.02179974784
41.77,-0.02615969672
41.775,-0.06975918896
41.78,-0.06975918896
41.785,-0.03487959448
41.79,-0.008719897759999999
41.795,-0.01307984664
41.8,-0.03923954336
41.805,-0.04795944112
41.81,-0.01307984664
41.815,0.02179974784
41.82,0.0305196456
41.825,0.01743979552
41.83,-0.00435994888
41.835,-0.03487959448
41.84,-0.04359949224
41.845,-0.02179974784
41.85,0.008719897759999999
41.855,0.02179974784
41.86,0.008719897759999999
41.865,0
41.87,-0.008719897759999999
41.875,-0.00435994888
41.88,0.01743979552
41.885,0.03923954336
41.89,0.05667934232000001
41.895,0.05667934232000001
41.9,0.05667934232000001
41.905,0.04359949224
41.91,0.008719897759999999
41.915,-0.02179974784
41.92,-0.01743979552
41.925,-0.01307984664
41.93,-0.02615969672
41.935,-0.0305196456
41.94,-0.00435994888
41.945,0.01307984664
41.95,-0.01307984664
41.955,-0.03923954336
41.96,-0.02615969672
41.965,0.008719897759999999
41.97,0.02615969672
41.975,0.008719897759999999
41.98,-0.03487959448
41.985,-0.0610392912
41.99,-0.05231939
41.995,-0.008719897759999999
42,0.0305196456
42.005,0.03923954336
42.01,0.04359949224
42.015,0.05667934232000001
42.02,0.05667934232000001
42.025,0.05231939
42.03,0.05231939
42.035,0.0305196456
42.04,-0.0305196456
42.045,-0.09591888568
42.05,-0.1133586812
42.055,-0.0828390356
42.06,-0.03487959448
42.065,-0.01307984664
42.07,-0.01307984664
42.075,-0.008719897759999999
42.08,0.01307984664
42.085,0.03923954336
42.09,0.05231939
42.095,0.06539924008
42.1,0.07847908671999999
42.105,0.0828390356
42.11,0.06975918896
42.115,0.05667934232000001
42.12,0.03923954336
42.125,0.008719897759999999
42.13,-0.02615969672
42.135,-0.04359949224
42.14,-0.03923954336
42.145,-0.02179974784
42.15,-0.00435994888
42.155,0.00435994888
42.16,0.01307984664
42.165,0.00435994888
42.17,-0.02615969672
42.175,-0.05231939
42.18,-0.03923954336
42.185,0.00435994888
42.19,0.04359949224
42.195,0.05231939
42.2,0.03923954336
42.205,0.01743979552
42.21,-0.00435994888
42.215,-0.008719897759999999
42.22,0
42.225,0
42.23,-0.01307984664
42.235,-0.02615969672
42.24,-0.00435994888
42.245,0.04795944112
42.25,0.0828390356
42.255,0.04795944112
42.26,-0.0305196456
42.265,-0.08719898448000001
42.27,-0.08719898448000001
42.275,-0.05231939
42.28,-0.01743979552
42.285,0
42.29,0.00435994888
42.295,0
42.3,-0.00435994888
42.305,0.01743979552
42.31,0.04359949224
42.315,0.0610392912
42.32,0.0610392912
42.325,0.05231939
42.33,0.02615969672
42.335,0.008719897759999999
42.34,0
42.345,-0.00435994888
42.35,-0.01743979552
42.355,-0.0305196456
42.36,-0.04359949224
42.365,-0.05667934232000001
42.37,-0.0610392912
42.375,-0.04359949224
42.38,-0.008719897759999999
42.385,0
42.39,-0.008719897759999999
42.395,0.008719897759999999
42.4,0.04359949224
42.405,0.03487959448
42.41,0.00435994888
42.415,0
42.42,0.02179974784
42.425,0.02615969672
42.43,0.01743979552
42.435,0.02179974784
42.44,0.03923954336
42.445,0.0305196456
42.45,0
42.455,-0.01743979552
42.46,-0.01307984664
42.465,-0.00435994888
42.47,-0.01743979552
42.475,-0.05231939
42.48,-0.07847908671999999
42.485,-0.06975918896
42.49,-0.05667934232000001
42.495,-0.04795944112
42.5,-0.03923954336
42.505,-0.01307984664
42.51,0.03487959448
42.515,0.0828390356
42.52,0.10463878344
42.525,0.06975918896
42.53,0.01307984664
42.535,-0.02615969672
42.54,-0.0305196456
42.545,-0.01307984664
42.55,-0.008719897759999999
42.555,-0.0305196456
42.56,-0.05231939
42.565,-0.04359949224
42.57,-0.02615969672
42.575,-0.01743979552
42.58,-0.01307984664
42.585,-0.01307984664
42.59,-0.00435994888
42.595,0.02615969672
42.6,0.06975918896
42.605,0.07411913784
42.61,0.0305196456
42.615,-0.02179974784
42.62,-0.04359949224
42.625,-0.03923954336
42.63,-0.0305196456
42.635,-0.02615969672
42.64,-0.03923954336
42.645,-0.03923954336
42.65,0.00435994888
42.655,0.05231939
42.66,0.06975918896
42.665,0.04795944112
42.67,0.02615969672
42.675,0.01307984664
42.68,0
42.685,-0.0305196456
42.69,-0.04359949224
42.695,-0.02179974784
42.7,0.02179974784
42.705,0.05231939
42.71,0.05667934232000001
42.715,0.03923954336
42.72,0.01743979552
42.725,-0.00435994888
42.73,-0.01307984664
42.735,-0.02179974784
42.74,-0.03487959448
42.745,-0.0305196456
42.75,-0.008719897759999999
42.755,0.01307984664
42.76,0.00435994888
42.765,-0.01743979552
42.77,-0.01743979552
42.775,0.01307984664
42.78,0.04359949224
42.785,0.05231939
42.79,0.03487959448
42.795,0.01307984664
42.8,0
42.805,0
42.81,-0.00435994888
42.815,-0.02615969672
42.82,-0.03487959448
42.825,-0.01743979552
42.83,0.008719897759999999
42.835,0.01307984664
42.84,0.00435994888
42.845,-0.01307984664
42.85,-0.0305196456
42.855,-0.03923954336
42.86,-0.0305196456
42.865,-0.01307984664
42.87,0.008719897759999999
42.875,0.03487959448
42.88,0.04795944112
42.885,0.03487959448
42.89,0.01743979552
42.895,0.01743979552
42.9,0.01743979552
42.905,0
42.91,-0.0305196456
42.915,-0.04795944112
42.92,-0.03487959448
42.925,0
42.93,0.02179974784
42.935,0.01743979552
42.94,-0.00435994888
42.945,-0.03487959448
42.95,-0.05231939
42.955,-0.03487959448
42.96,-0.00435994888
42.965,0.008719897759999999
42.97,0.00435994888
42.975,0.01743979552
42.98,0.03923954336
42.985,0.0305196456
42.99,0.00435994888
42.995,-0.008719897759999999
43,-0.008719897759999999
43.005,-0.008719897759999999
43.01,-0.00435994888
43.015,-0.01307984664
43.02,-0.0305196456
43.025,-0.03487959448
43.03,-0.0305196456
43.035,-0.02615969672
43.04,-0.02179974784
43.045,-0.01307984664
43.05,0.00435994888
43.055,0.03487959448
43.06,0.0610392912
43.065,0.06539924008
43.07,0.04359949224
43.075,0.02615969672
43.08,0.008719897759999999
43.085,-0.01743979552
43.09,-0.03923954336
43.095,-0.03487959448
43.1,-0.02179974784
43.105,-0.008719897759999999
43.11,0.008719897759999999
43.115,0.02179974784
43.12,0.00435994888
43.125,-0.02179974784
43.13,-0.03487959448
43.135,-0.03923954336
43.14,-0.02615969672
43.145,-0.008719897759999999
43.15,-0.008719897759999999
43.155,-0.02615969672
43.16,-0.0305196456
43.165,-0.01743979552
43.17,0
43.175,0
43.18,-0.01743979552
43.185,-0.03923954336
43.19,-0.03487959448
43.195,-0.008719897759999999
43.2,0.01743979552
43.205,0.03487959448
43.21,0.04359949224
43.215,0.05231939
43.22,0.04359949224
43.225,0.01743979552
43.23,-0.00435994888
43.235,-0.01307984664
43.24,-0.01743979552
43.245,-0.02179974784
43.25,-0.01743979552
43.255,-0.00435994888
43.26,0
43.265,-0.01307984664
43.27,-0.02615969672
43.275,-0.02615969672
43.28,0.00435994888
43.285,0.0305196456
43.29,0.01743979552
43.295,-0.01743979552
43.3,-0.03923954336
43.305,-0.02615969672
43.31,0
43.315,0.01307984664
43.32,0.00435994888
43.325,-0.01743979552
43.33,-0.03487959448
43.335,-0.05231939
43.34,-0.05667934232000001
43.345,-0.03487959448
43.35,0.01307984664
43.355,0.04795944112
43.36,0.04359949224
43.365,0.01307984664
43.37,0
43.375,0.008719897759999999
43.38,0.0305196456
43.385,0.04359949224
43.39,0.03923954336
43.395,0.0305196456
43.4,0.02615969672
43.405,0.0305196456
43.41,0.02179974784
43.415,-0.00435994888
43.42,-0.04795944112
43.425,-0.06539924008
43.43,-0.04359949224
43.435,0
43.44,0.0305196456
43.445,0.02179974784
43.45,0
43.455,-0.01743979552
43.46,-0.02615969672
43.465,-0.03923954336
43.47,-0.04795944112
43.475,-0.03923954336
43.48,-0.01307984664
43.485,0.008719897759999999
43.49,0.01743979552
43.495,0.01743979552
43.5,0.01743979552
43.505,0.0305196456
43.51,0.04795944112
43.515,0.05667934232000001
43.52,0.04359949224
43.525,0.00435994888
43.53,-0.04359949224
43.535,-0.0610392912
43.54,-0.04795944112
43.545,-0.02615969672
43.55,-0.01743979552
43.555,-0.01743979552
43.56,-0.00435994888
43.565,0.008719897759999999
43.57,-0.00435994888
43.575,-0.01307984664
43.58,-0.00435994888
43.585,0.008719897759999999
43.59,0.00435994888
43.595,-0.008719897759999999
43.6,-0.00435994888
43.605,0.01307984664
43.61,0.01743979552
43.615,0.01743979552
43.62,0.02615969672
43.625,0.03487959448
43.63,0.02179974784
43.635,0.00435994888
43.64,0.00435994888
43.645,0.008719897759999999
43.65,0.02179974784
43.655,0.02615969672
43.66,0.00435994888
43.665,-0.0305196456
43.67,-0.05231939
43.675,-0.04795944112
43.68,-0.03487959448
43.685,-0.01743979552
43.69,-0.01307984664
43.695,-0.01743979552
43.7,-0.01307984664
43.705,0.02179974784
43.71,0.0610392912
43.715,0.07411913784
43.72,0.05667934232000001
43.725,0.04795944112
43.73,0.05667934232000001
43.735,0.05231939
43.74,0.0305196456
43.745,-0.00435994888
43.75,-0.0305196456
43.755,-0.04359949224
43.76,-0.06539924008
43.765,-0.0828390356
43.77,-0.07847908671999999
43.775,-0.03923954336
43.78,-0.00435994888
43.785,0.01743979552
43.79,0.0305196456
43.795,0.03923954336
43.8,0.03487959448
43.805,0.01743979552
43.81,0.00435994888
43.815,-0.00435994888
43.82,-0.02615969672
43.825,-0.04795944112
43.83,-0.0610392912
43.835,-0.06539924008
43.84,-0.0610392912
43.845,-0.03923954336
43.85,-0.01307984664
43.855,0.01307984664
43.86,0.04359949224
43.865,0.07847908671999999
43.87,0.09155893679999999
43.875,0.06975918896
43.88,0.04795944112
43.885,0.05231939
43.89,0.04795944112
43.895,-0.008719897759999999
43.9,-0.0610392912
43.905,-0.04359949224
43.91,0.01307984664
43.915,0.02179974784
43.92,-0.02615969672
43.925,-0.06539924008
43.93,-0.06975918896
43.935,-0.03923954336
43.94,-0.00435994888
43.945,0.02615969672
43.95,0.04795944112
43.955,0.05231939
43.96,0.0305196456
43.965,0.01307984664
43.97,0.02615969672
43.975,0.04359949224
43.98,0.02615969672
43.985,-0.01743979552
43.99,-0.0610392912
43.995,-0.0828390356
44,-0.06975918896
44.005,-0.02615969672
44.01,0.01743979552
44.015,0.01743979552
44.02,-0.00435994888
44.025,-0.008719897759999999
44.03,0.02179974784
44.035,0.03923954336
44.04,0.01743979552
44.045,0
44.05,0.02615969672
44.055,0.0610392912
44.06,0.04795944112
44.065,0
44.07,-0.02615969672
44.075,-0.008719897759999999
44.08,0.01307984664
44.085,0.00435994888
44.09,-0.008719897759999999
44.095,0.00435994888
44.1,0.04795944112
44.105,0.07847908671999999
44.11,0.06975918896
44.115,0.04795944112
44.12,0.0305196456
44.125,0.00435994888
44.13,-0.02615969672
44.135,-0.04795944112
44.14,-0.05231939
44.145,-0.05667934232000001
44.15,-0.05231939
44.155,-0.02615969672
44.16,0.01307984664
44.165,0.03487959448
44.17,0.03487959448
44.175,0.02615969672
44.18,0.02179974784
44.185,0.01743979552
44.19,0.00435994888
44.195,-0.00435994888
44.2,-0.00435994888
44.205,-0.008719897759999999
44.21,-0.01743979552
44.215,-0.01307984664
44.22,0.008719897759999999
44.225,0.02179974784
44.23,0.01743979552
44.235,-0.00435994888
44.24,-0.01743979552
44.245,0
44.25,0.02179974784
44.255,0.01743979552
44.26,0
44.265,-0.008719897759999999
44.27,-0.01307984664
44.275,-0.02615969672
44.28,-0.0305196456
44.285,-0.02615969672
44.29,-0.01307984664
44.295,-0.008719897759999999
44.3,-0.00435994888
44.305,-0.00435994888
44.31,-0.00435994888
44.315,-0.008719897759999999
44.32,-0.00435994888
44.325,0.00435994888
44.33,0.01743979552
44.335,0.01743979552
44.34,0
44.345,-0.008719897759999999
44.35,-0.00435994888
44.355,0.008719897759999999
44.36,0.03487959448
44.365,0.05667934232000001
44.37,0.04795944112
44.375,0.008719897759999999
44.38,-0.02615969672
44.385,-0.05231939
44.39,-0.06539924008
44.395,-0.03923954336
44.4,0.03487959448
44.405,0.09155893679999999
44.41,0.0828390356
44.415,0.0305196456
44.42,-0.00435994888
44.425,-0.01307984664
44.43,-0.01307984664
44.435,-0.01743979552
44.44,-0.008719897759999999
44.445,0.01743979552
44.45,0.02179974784
44.455,-0.00435994888
44.46,-0.02179974784
44.465,-0.008719897759999999
44.47,0.01307984664
44.475,0.02179974784
44.48,0.0305196456
44.485,0.03487959448
44.49,0.03487959448
44.495,0.02615969672
44.5,0.008719897759999999
44.505,-0.008719897759999999
44.51,-0.01307984664
44.515,0.00435994888
44.52,0.0305196456
44.525,0.04795944112
44.53,0.03487959448
44.535,0.008719897759999999
44.54,-0.008719897759999999
44.545,0
44.55,0.008719897759999999
44.555,-0.008719897759999999
44.56,-0.0305196456
44.565,-0.01743979552
44.57,0.008719897759999999
44.575,0.01743979552
44.58,0.02179974784
44.585,0.03923954336
44.59,0.05667934232000001
44.595,0.05231939
44.6,0.02615969672
44.605,-0.01307984664
44.61,-0.03487959448
44.615,-0.02179974784
44.62,0.008719897759999999
44.625,0.0305196456
44.63,0.02179974784
44.635,-0.01307984664
44.64,-0.04359949224
44.645,-0.05231939
44.65,-0.04359949224
44.655,-0.04795944112
44.66,-0.07411913784
44.665,-0.07847908671999999
44.67,-0.04795944112
44.675,0.008719897759999999
44.68,0.06539924008
44.685,0.10899873232
44.69,0.10463878344
44.695,0.05231939
44.7,-0.00435994888
44.705,-0.02179974784
44.71,-0.008719897759999999
44.715,-0.00435994888
44.72,-0.02179974784
44.725,-0.02179974784
44.73,0.01743979552
44.735,0.0305196456
44.74,0
44.745,-0.02179974784
44.75,0
44.755,0.02615969672
44.76,0.03923954336
44.765,0.04359949224
44.77,0.03487959448
44.775,0.00435994888
44.78,-0.0305196456
44.785,-0.04795944112
44.79,-0.05667934232000001
44.795,-0.04795944112
44.8,-0.0305196456
44.805,-0.01743979552
44.81,-0.01307984664
44.815,0
44.82,0.02179974784
44.825,0.04359949224
44.83,0.04795944112
44.835,0.03923954336
44.84,0.00435994888
44.845,-0.02615969672
44.85,-0.01307984664
44.855,0.03487959448
44.86,0.05231939
44.865,0.03487959448
44.87,0.01307984664
44.875,0.00435994888
44.88,0.008719897759999999
44.885,0
44.89,-0.008719897759999999
44.895,-0.02179974784
44.9,-0.02615969672
44.905,-0.01307984664
44.91,0.008719897759999999
44.915,0.02615969672
44.92,0.02179974784
44.925,0.008719897759999999
44.93,0.00435994888
44.935,0.008719897759999999
44.94,0.01743979552
44.945,0.01743979552
44.95,-0.00435994888
44.955,-0.0305196456
44.96,-0.04359949224
44.965,-0.03487959448
44.97,-0.008719897759999999
44.975,0.0305196456
44.98,0.06539924008
44.985,0.05667934232000001
44.99,0.02615969672
44.995,0.01307984664
45,0.01307984664
45.005,0.01307984664
45.01,0.00435994888
45.015,0
45.02,0.00435994888
45.025,0.008719897759999999
45.03,0.008719897759999999
45.035,0.008719897759999999
45.04,0.01307984664
45.045,-0.008719897759999999
45.05,-0.04359949224
45.055,-0.05667934232000001
45.06,-0.0305196456
45.065,-0.008719897759999999
45.07,-0.02179974784
45.075,-0.03487959448
45.08,-0.02615969672
45.085,-0.01307984664
45.09,-0.01307984664
45.095,-0.02179974784
45.1,-0.01743979552
45.105,0
45.11,0.01307984664
45.115,0.0305196456
45.12,0.07411913784
45.125,0.09591888568
45.13,0.07411913784
45.135,0.02179974784
45.14,-0.008719897759999999
45.145,-0.008719897759999999
45.15,-0.01307984664
45.155,-0.02179974784
45.16,-0.02615969672
45.165,-0.01743979552
45.17,-0.02179974784
45.175,-0.02615969672
45.18,-0.02615969672
45.185,-0.01307984664
45.19,-0.008719897759999999
45.195,-0.01307984664
45.2,-0.02179974784
45.205,-0.02179974784
45.21,-0.00435994888
45.215,0.0305196456
45.22,0.06539924008
45.225,0.05667934232000001
45.23,0.01307984664
45.235,-0.01307984664
45.24,-0.02615969672
45.245,-0.03487959448
45.25,-0.03923954336
45.255,-0.008719897759999999
45.26,0.02179974784
45.265,0.02615969672
45.27,0.02179974784
45.275,0.0305196456
45.28,0.0305196456
45.285,0.01307984664
45.29,0.00435994888
45.295,0.008719897759999999
45.3,0.00435994888
45.305,-0.01307984664
45.31,-0.02615969672
45.315,-0.03487959448
45.32,-0.0305196456
45.325,-0.01743979552
45.33,-0.01743979552
45.335,-0.02615969672
45.34,-0.02179974784
45.345,-0.00435994888
45.35,0.008719897759999999
45.355,0.02615969672
45.36,0.03923954336
45.365,0.03487959448
45.37,0.008719897759999999
45.375,-0.008719897759999999
45.38,-0.01307984664
45.385,-0.008719897759999999
45.39,0.00435994888
45.395,0.01743979552
45.4,0.02615969672
45.405,0.0305196456
45.41,0.03923954336
45.415,0.04795944112
45.42,0.03923954336
45.425,0.02615969672
45.43,0.02179974784
45.435,0.02179974784
45.44,0.01307984664
45.445,-0.01743979552
45.45,-0.03923954336
45.455,-0.03923954336
45.46,-0.02179974784
45.465,-0.01307984664
45.47,-0.00435994888
45.475,-0.00435994888
45.48,-0.008719897759999999
45.485,-0.01743979552
45.49,-0.02179974784
45.495,-0.01307984664
45.5,0
45.505,0.008719897759999999
45.51,0.01743979552
45.515,0.0305196456
45.52,0.04359949224
45.525,0.03487959448
45.53,0.01743979552
45.535,0.01307984664
45.54,0.0305196456
45.545,0.03487959448
45.55,0.01307984664
45.555,-0.01307984664
45.56,-0.01743979552
45.565,-0.00435994888
45.57,0
45.575,0
45.58,0
45.585,0.008719897759999999
45.59,0
45.595,0
45.6,0.008719897759999999
45.605,0.01743979552
45.61,-0.00435994888
45.615,-0.0305196456
45.62,-0.04359949224
45.625,-0.03923954336
45.63,-0.02179974784
45.635,-0.008719897759999999
45.64,0.00435994888
45.645,0.01307984664
45.65,0.02179974784
45.655,0.0305196456
45.66,0.03487959448
45.665,0.0305196456
45.67,0.01307984664
45.675,0.00435994888
45.68,0.00435994888
45.685,0.02179974784
45.69,0.02615969672
45.695,0
45.7,-0.04359949224
45.705,-0.07847908671999999
45.71,-0.0828390356
45.715,-0.03487959448
45.72,0.04359949224
45.725,0.10463878344
45.73,0.0828390356
45.735,0.008719897759999999
45.74,-0.0305196456
45.745,0
45.75,0.04359949224
45.755,0.04359949224
45.76,-0.00435994888
45.765,-0.05231939
45.77,-0.0610392912
45.775,-0.02179974784
45.78,0.008719897759999999
45.785,0.01743979552
45.79,0.01743979552
45.795,0.02179974784
45.8,0.02615969672
45.805,0.02615969672
45.81,0.0305196456
45.815,0.03923954336
45.82,0.0305196456
45.825,0.00435994888
45.83,-0.01743979552
45.835,-0.02179974784
45.84,-0.01743979552
45.845,-0.02615969672
45.85,-0.02179974784
45.855,0.008719897759999999
45.86,0.04795944112
45.865,0.04795944112
45.87,0.02179974784
45.875,0.00435994888
45.88,0.008719897759999999
45.885,0.01743979552
45.89,0
45.895,-0.02615969672
45.9,-0.02179974784
45.905,0.00435994888
45.91,0.00435994888
45.915,-0.01307984664
45.92,-0.01743979552
45.925,0
45.93,0.01743979552
45.935,0.01743979552
45.94,0.01307984664
45.945,0.02179974784
45.95,0.02179974784
45.955,0.01307984664
45.96,0.01307984664
45.965,0.02615969672
45.97,0.0305196456
45.975,0.01307984664
45.98,-0.01307984664
45.985,-0.02615969672
45.99,-0.02179974784
45.995,-0.01307984664
46,-0.008719897759999999
46.005,-0.008719897759999999
46.01,-0.008719897759999999
46.015,-0.00435994888
46.02,0.00435994888
46.025,0.01743979552
46.03,0.008719897759999999
46.035,0
46.04,0.01307984664
46.045,0.0305196456
46.05,0.02615969672
46.055,0.01307984664
46.06,0
46.065,0.00435994888
46.07,0.00435994888
46.075,-0.00435994888
46.08,-0.008719897759999999
46.085,-0.00435994888
46.09,-0.00435994888
46.095,-0.008719897759999999
46.1,-0.008719897759999999
46.105,0
46.11,-0.00435994888
46.115,-0.01743979552
46.12,-0.01743979552
46.125,-0.00435994888
46.13,0.008719897759999999
46.135,0.01307984664
46.14,0.008719897759999999
46.145,0.00435994888
46.15,0
46.155,-0.00435994888
46.16,-0.01307984664
46.165,-0.008719897759999999
46.17,0
46.175,0.00435994888
46.18,0.00435994888
46.185,0.00435994888
46.19,0.008719897759999999
46.195,0
46.2,-0.008719897759999999
46.205,-0.01307984664
46.21,-0.008719897759999999
46.215,-0.00435994888
46.22,0.00435994888
46.225,0.01743979552
46.23,0.02179974784
46.235,0.008719897759999999
46.24,-0.008719897759999999
46.245,-0.01743979552
46.25,-0.01307984664
46.255,-0.00435994888
46.26,0.008719897759999999
46.265,0.01307984664
46.27,0.01307984664
46.275,0.00435994888
46.28,-0.008719897759999999
46.285,-0.008719897759999999
46.29,-0.00435994888
46.295,0
46.3,-0.00435994888
46.305,-0.008719897759999999
46.31,-0.008719897759999999
46.315,-0.00435994888
46.32,0.00435994888
46.325,0.008719897759999999
46.33,0.008719897759999999
46.335,0.01307984664
46.34,0.01307984664
46.345,0.008719897759999999
46.35,0
46.355,-0.00435994888
46.36,-0.008719897759999999
46.365,-0.008719897759999999
46.37,-0.008719897759999999
46.375,-0.008719897759999999
46.38,-0.008719897759999999
46.385,-0.00435994888
46.39,0
46.395,0.00435994888
46.4,0.00435994888
46.405,0.01307984664
46.41,0.01743979552
46.415,0.01743979552
46.42,0.008719897759999999
46.425,0
46.43,-0.008719897759999999
46.435,-0.008719897759999999
46.44,-0.00435994888
46.445,-0.00435994888
46.45,-0.00435994888
46.455,-0.00435994888
46.46,0
46.465,0.00435994888
46.47,0.008719897759999999
46.475,0.008719897759999999
46.48,0.008719897759999999
46.485,0.008719897759999999
46.49,0.008719897759999999
46.495,0.00435994888
46.5,0.00435994888
46.505,0.00435994888
46.51,0.00435994888
46.515,0
46.52,-0.008719897759999999
46.525,-0.008719897759999999
46.53,-0.00435994888
46.535,0
46.54,-0.00435994888
46.545,-0.00435994888
46.55,0
46.555,0.00435994888
46.56,0.00435994888
46.565,0.008719897759999999
46.57,0.008719897759999999
46.575,0
46.58,-0.008719897759999999
46.585,-0.008719897759999999
46.59,-0.00435994888
46.595,0
46.6,0
46.605,0
46.61,0
46.615,0.00435994888
46.62,0
46.625,-0.00435994888
46.63,0
46.635,0.00435994888
46.64,0.00435994888
46.645,0.00435994888
46.65,0
46.655,0
46.66,0
46.665,0
46.67,-0.00435994888
46.675,-0.00435994888
46.68,-0.00435994888
46.685,0
46.69,0
46.695,0
46.7,0
46.705,0
46.71,0
46.715,0
46.72,0
46.725,0
46.73,0
46.735,0
46.74,0
46.745,0
46.75,0
46.755,0
46.76,0.00435994888
46.765,0.00435994888
46.77,0.00435994888
46.775,0.00435994888
46.78,0
46.785,0
46.79,0
46.795,-0.00435994888
46.8,-0.00435994888
46.805,-0.00435994888
46.81,-0.00435994888
46.815,-0.00435994888
46.82,0
46.825,0
46.83,0
46.835,0
46.84,0
46.845,0
46.85,0
46.855,0
46.86,0
46.865,0
46.87,0
46.875,0
46.88,-0.00435994888
46.885,-0.00435994888
46.89,-0.00435994888
46.895,0
46.9,0
46.905,0
46.91,0
46.915,0
46.92,0
46.925,0.00435994888
46.93,0
46.935,0
46.94,0
46.945,0
46.95,0
46.955,0
46.96,0
46.965,0
46.97,0
46.975,0
46.98,0
46.985,0
46.99,0
46.995,0
47,0
47.005,0
47.01,0
47.015,0
47.02,-0.00435994888
47.025,-0.00435994888
47.03,0
47.035,0
47.04,0
47.045,0
47.05,0
47.055,0
47.06,0
47.065,0
47.07,0
47.075,0
47.08,0
47.085,0
47.09,0
47.095,0
47.1,0
47.105,0
47.11,0
47.115,0
47.12,-0.00435994888
47.125,-0.00435994888
47.13,-0.00435994888
47.135,0
47.14,0
47.145,0
47.15,0
47.155,0
47.16,0
47.165,0
47.17,0
47.175,0
47.18,0
47.185,0
47.19,0
47.195,0
47.2,0
47.205,0
47.21,0
47.215,0
47.22,0
47.225,0
47.23,0
47.235,0
47.24,0
47.245,0
47.25,0
47.255,0
47.26,0
47.265,0
47.27,0
47.275,0
47.28,0
47.285,0
47.29,0
47.295,0
47.3,-0.00435994888
47.305,-0.00435994888
47.31,0
47.315,0
47.32,0
47.325,0
47.33,0
47.335,0
47.34,0
47.345,0
47.35,0
47.355,0
47.36,0
47.365,-0.00435994888
47.37,0
47.375,0
47.38,0
47.385,0
47.39,0
47.395,-0.00435994888
47.4,-0.00435994888
47.405,-0.00435994888
47.41,-0.00435994888
47.415,0
47.42,0
47.425,0
47.43,0
47.435,0
47.44,0
47.445,0
47.45,0
47.455,0
47.46,0
47.465,-0.00435994888
47.47,-0.00435994888
47.475,-0.00435994888
47.48,-0.00435994888
47.485,-0.00435994888
47.49,-0.00435994888
47.495,-0.00435994888
47.5,-0.00435994888
47.505,-0.00435994888
47.51,-0.00435994888
47.515,0
47.52,0
47.525,0
47.53,-0.00435994888
47.535,-0.00435994888
47.54,-0.00435994888
47.545,-0.00435994888
47.55,-0.00435994888
47.555,-0.00435994888
47.56,-0.00435994888
47.565,-0.00435994888
47.57,-0.00435994888
47.575,-0.00435994888
47.58,-0.00435994888
47.585,-0.00435994888
47.59,-0.00435994888
47.595,-0.00435994888
47.6,-0.00435994888
47.605,-0.00435994888
47.61,-0.00435994888
47.615,-0.00435994888
47.62,-0.00435994888
47.625,-0.00435994888
47.63,-0.00435994888
47.635,-0.00435994888
47.64,-0.00435994888
47.645,-0.00435994888
47.65,-0.00435994888
47.655,-0.00435994888
47.66,-0.00435994888
47.665,-0.00435994888
47.67,-0.00435994888
47.675,-0.00435994888
47.68,-0.00435994888
47.685,-0.00435994888
47.69,-0.00435994888
47.695,-0.00435994888
47.7,-0.00435994888
47.705,-0.00435994888
47.71,-0.00435994888
47.715,-0.00435994888
47.72,-0.00435994888
47.725,-0.00435994888
47.73,-0.00435994888
47.735,-0.00435994888
47.74,-0.00435994888
47.745,-0.00435994888
47.75,-0.00435994888
47.755,-0.00435994888
47.76,-0.00435994888
47.765,-0.00435994888
47.77,-0.00435994888
47.775,-0.00435994888
47.78,-0.00435994888
47.785,-0.00435994888
47.79,-0.00435994888
47.795,-0.00435994888
47.8,-0.00435994888
47.805,-0.00435994888
47.81,-0.00435994888
47.815,-0.00435994888
47.82,-0.00435994888
47.825,-0.00435994888
47.83,-0.00435994888
47.835,-0.00435994888
47.84,-0.00435994888
47.845,-0.00435994888
47.85,-0.00435994888
47.855,-0.00435994888
47.86,-0.00435994888
47.865,-0.00435994888
47.87,-0.00435994888
47.875,-0.00435994888
47.88,-0.00435994888
47.885,-0.00435994888
47.89,-0.00435994888
47.895,-0.00435994888
47.9,-0.00435994888
47.905,-0.00435994888
47.91,-0.00435994888
47.915,-0.00435994888
47.92,-0.00435994888
47.925,-0.00435994888
47.93,-0.00435994888
47.935,-0.00435994888
47.94,-0.00435994888
47.945,-0.00435994888
47.95,-0.00435994888
47.955,-0.00435994888
47.96,-0.00435994888
47.965,-0.00435994888
47.97,-0.00435994888
47.975,-0.00435994888
47.98,-0.00435994888
47.985,-0.00435994888
47.99,-0.00435994888
47.995,-0.00435994888
48,-0.00435994888
48.005,-0.00435994888
48.01,-0.00435994888
48.015,-0.00435994888
48.02,-0.00435994888
48.025,-0.00435994888
48.03,-0.00435994888
48.035,-0.00435994888
48.04,-0.00435994888
48.045,-0.00435994888
48.05,-0.00435994888
48.055,-0.00435994888
48.06,-0.00435994888
48.065,-0.00435994888
48.07,-0.00435994888
48.075,-0.00435994888
48.08,-0.00435994888
48.085,-0.00435994888
48.09,-0.00435994888
48.095,-0.00435994888
48.1,-0.00435994888
48.105,-0.00435994888
48.11,-0.00435994888
